clip_id,session_id,driver,lap,filename,label,annotator,notes
2024-british-r-LEC-142152,2024-british-r,LEC,,2024-british-r-LEC-142152.mp3,Tired,,2024-07-07T13:22:02.763Z
2024-british-r-RUS-142417,2024-british-r,RUS,,2024-british-r-RUS-142417.mp3,Tired,,2024-07-07T13:24:48.284Z
2024-british-r-SAI-143017,2024-british-r,SAI,,2024-british-r-SAI-143017.mp3,Tired,,2024-07-07T13:30:50.6708717Z
2024-british-r-ALB-150548,2024-british-r,ALB,2,2024-british-r-ALB-150548.mp3,Stressed,,2024-07-07T14:06:02.379Z
2024-british-r-SAR-150723,2024-british-r,SAR,3,2024-british-r-SAR-150723.mp3,Tired,,2024-07-07T14:07:42.149Z
2024-british-r-NOR-150833,2024-british-r,NOR,4,2024-british-r-NOR-150833.mp3,Calm,,2024-07-07T14:08:48.805Z
2024-british-r-VER-151054,2024-british-r,VER,6,2024-british-r-VER-151054.mp3,Tired,,2024-07-07T14:11:03.035Z
2024-british-r-LEC-151617,2024-british-r,LEC,9,2024-british-r-LEC-151617.mp3,Calm,,2024-07-07T14:16:34.259Z
2024-british-r-NOR-151920,2024-british-r,NOR,11,2024-british-r-NOR-151920.mp3,Tired,,2024-07-07T14:19:51.205Z
2024-british-r-VER-151958,2024-british-r,VER,12,2024-british-r-VER-151958.mp3,Calm,,2024-07-07T14:20:25.093Z
2024-british-r-HUL-152229,2024-british-r,HUL,13,2024-british-r-HUL-152229.mp3,Tired,,2024-07-07T14:22:37.268Z
2024-british-r-RUS-152442,2024-british-r,RUS,15,2024-british-r-RUS-152442.mp3,Stressed,,2024-07-07T14:24:50.997Z
2024-british-r-LEC-152706,2024-british-r,LEC,16,2024-british-r-LEC-152706.mp3,Calm,,2024-07-07T14:27:36.618Z
2024-british-r-VER-152923,2024-british-r,VER,18,2024-british-r-VER-152923.mp3,Calm,,2024-07-07T14:29:47.13Z
2024-british-r-NOR-153122,2024-british-r,NOR,19,2024-british-r-NOR-153122.mp3,Calm,,2024-07-07T14:31:27.464Z
2024-british-r-HAM-153419,2024-british-r,HAM,21,2024-british-r-HAM-153419.mp3,Calm,,2024-07-07T14:34:44.81Z
2024-british-r-PER-153613,2024-british-r,PER,21,2024-british-r-PER-153613.mp3,Stressed,,2024-07-07T14:36:24.592Z
2024-british-r-NOR-153937,2024-british-r,NOR,24,2024-british-r-NOR-153937.mp3,Calm,,2024-07-07T14:40:16.2276083Z
2024-british-r-PIA-154207,2024-british-r,PIA,26,2024-british-r-PIA-154207.mp3,Calm,,2024-07-07T14:42:29.799Z
2024-british-r-VER-154654,2024-british-r,VER,28,2024-british-r-VER-154654.mp3,Tired,,2024-07-07T14:47:26.651Z
2024-british-r-HAM-154756,2024-british-r,HAM,29,2024-british-r-HAM-154756.mp3,Calm,,2024-07-07T14:48:32.6287483Z
2024-british-r-VER-155059,2024-british-r,VER,31,2024-british-r-VER-155059.mp3,Calm,,2024-07-07T14:51:18.205Z
2024-british-r-RUS-155625,2024-british-r,RUS,33,2024-british-r-RUS-155625.mp3,Tired,,2024-07-07T14:56:49.4116411Z
2024-british-r-HAM-155741,2024-british-r,HAM,35,2024-british-r-HAM-155741.mp3,Tired,,2024-07-07T14:57:58.177Z
2024-british-r-HAM-160054,2024-british-r,HAM,37,2024-british-r-HAM-160054.mp3,Stressed,,2024-07-07T15:01:14.355Z
2024-british-r-VER-160312,2024-british-r,VER,38,2024-british-r-VER-160312.mp3,Calm,,2024-07-07T15:03:26.486Z
2024-british-r-PIA-160344,2024-british-r,PIA,41,2024-british-r-PIA-160344.mp3,Calm,,2024-07-07T15:08:25.385Z
2024-british-r-HAM-160752,2024-british-r,HAM,41,2024-british-r-HAM-160752.mp3,Calm,,2024-07-07T15:08:25.385Z
2024-british-r-VER-161324,2024-british-r,VER,45,2024-british-r-VER-161324.mp3,Tired,,2024-07-07T15:13:56.448Z
2024-british-r-HAM-162640,2024-british-r,HAM,52,2024-british-r-HAM-162640.mp3,Stressed,,2024-07-07T15:27:44.653Z
2024-british-r-HAM-162919,2024-british-r,HAM,52,2024-british-r-HAM-162919.mp3,Tired,,2024-07-07T15:29:55.12Z
2024-british-r-PER-163251,2024-british-r,PER,50,2024-british-r-PER-163251.mp3,Tired,,2024-07-07T15:31:30.408Z
2024-british-r-STR-163339,2024-british-r,STR,52,2024-british-r-STR-163339.mp3,Calm,,2024-07-07T15:31:30.408Z
2024-british-r-STR-163353,2024-british-r,STR,52,2024-british-r-STR-163353.mp3,Calm,,2024-07-07T15:31:30.408Z
2024-british-r-SAI-163514,2024-british-r,SAI,52,2024-british-r-SAI-163514.mp3,Calm,,2024-07-07T15:31:30.408Z
2024-british-r-PIA-163525,2024-british-r,PIA,52,2024-british-r-PIA-163525.mp3,Calm,,2024-07-07T15:31:30.408Z
2024-british-r-ALB-163552,2024-british-r,ALB,52,2024-british-r-ALB-163552.mp3,Tired,,2024-07-07T15:31:30.408Z
2024-british-r-VER-163554,2024-british-r,VER,52,2024-british-r-VER-163554.mp3,Calm,,2024-07-07T15:31:30.408Z
2024-british-r-VER-163616,2024-british-r,VER,52,2024-british-r-VER-163616.mp3,Tired,,2024-07-07T15:31:30.408Z
2024-british-r-BOT-163617,2024-british-r,BOT,51,2024-british-r-BOT-163617.mp3,Calm,,2024-07-07T15:31:30.408Z
2024-british-r-HUL-163650,2024-british-r,HUL,52,2024-british-r-HUL-163650.mp3,Stressed,,2024-07-07T15:31:30.408Z
2024-british-r-MAG-163730,2024-british-r,MAG,52,2024-british-r-MAG-163730.mp3,Calm,,2024-07-07T15:31:30.408Z
2024-british-r-MAG-163752,2024-british-r,MAG,52,2024-british-r-MAG-163752.mp3,Tired,,2024-07-07T15:31:30.408Z
2024-british-r-SAR-163735,2024-british-r,SAR,52,2024-british-r-SAR-163735.mp3,Calm,,2024-07-07T15:31:30.408Z
2024-british-r-ALB-163754,2024-british-r,ALB,52,2024-british-r-ALB-163754.mp3,Calm,,2024-07-07T15:31:30.408Z
2024-italian-r-ALO-142412,2024-italian-r,ALO,,2024-italian-r-ALO-142412.mp3,Calm,,2024-09-01T12:24:46.541Z
2024-italian-r-NOR-142542,2024-italian-r,NOR,,2024-italian-r-NOR-142542.mp3,Calm,,2024-09-01T12:25:54.057Z
2024-italian-r-GAS-142858,2024-italian-r,GAS,,2024-italian-r-GAS-142858.mp3,Calm,,2024-09-01T12:29:44.701Z
2024-italian-r-RIC-145543,2024-italian-r,RIC,,2024-italian-r-RIC-145543.mp3,Calm,,2024-09-01T12:56:07.02Z
2024-italian-r-LEC-145557,2024-italian-r,LEC,,2024-italian-r-LEC-145557.mp3,Calm,,2024-09-01T12:56:09.109Z
2024-italian-r-PIA-145909,2024-italian-r,PIA,,2024-italian-r-PIA-145909.mp3,Stressed,,2024-09-01T12:59:26.012Z
2024-italian-r-BOT-150252,2024-italian-r,BOT,,2024-italian-r-BOT-150252.mp3,Calm,,2024-09-01T13:03:17.821Z
2024-italian-r-VER-150504,2024-italian-r,VER,2,2024-italian-r-VER-150504.mp3,Stressed,,2024-09-01T13:05:30.784Z
2024-italian-r-PER-150642,2024-italian-r,PER,3,2024-italian-r-PER-150642.mp3,Tired,,2024-09-01T13:07:11.109Z
2024-italian-r-RUS-150705,2024-italian-r,RUS,3,2024-italian-r-RUS-150705.mp3,Stressed,,2024-09-01T13:07:42.379Z
2024-italian-r-HUL-150829,2024-italian-r,HUL,4,2024-italian-r-HUL-150829.mp3,Tired,,2024-09-01T13:08:48.9090646Z
2024-italian-r-PIA-151235,2024-italian-r,PIA,7,2024-italian-r-PIA-151235.mp3,Calm,,2024-09-01T13:13:13.005Z
2024-italian-r-VER-151337,2024-italian-r,VER,8,2024-italian-r-VER-151337.mp3,Calm,,2024-09-01T13:13:47.132Z
2024-italian-r-PIA-151853,2024-italian-r,PIA,12,2024-italian-r-PIA-151853.mp3,Calm,,2024-09-01T13:19:17.951Z
2024-italian-r-OCO-151859,2024-italian-r,OCO,11,2024-italian-r-OCO-151859.mp3,Stressed,,2024-09-01T13:19:17.951Z
2024-italian-r-NOR-152319,2024-italian-r,NOR,15,2024-italian-r-NOR-152319.mp3,Tired,,2024-09-01T13:23:39.818Z
2024-italian-r-LEC-152422,2024-italian-r,LEC,15,2024-italian-r-LEC-152422.mp3,Calm,,2024-09-01T13:24:45.547Z
2024-italian-r-PER-152548,2024-italian-r,PER,16,2024-italian-r-PER-152548.mp3,Tired,,2024-09-01T13:26:24.627Z
2024-italian-r-SAI-152606,2024-italian-r,SAI,17,2024-italian-r-SAI-152606.mp3,Tired,,2024-09-01T13:26:24.735Z
2024-italian-r-LEC-152652,2024-italian-r,LEC,17,2024-italian-r-LEC-152652.mp3,Stressed,,2024-09-01T13:27:30.986Z
2024-italian-r-NOR-152758,2024-italian-r,NOR,18,2024-italian-r-NOR-152758.mp3,Calm,,2024-09-01T13:28:37.294Z
2024-italian-r-NOR-153532,2024-italian-r,NOR,23,2024-italian-r-NOR-153532.mp3,Stressed,,2024-09-01T13:35:46.422Z
2024-italian-r-VER-153657,2024-italian-r,VER,24,2024-italian-r-VER-153657.mp3,Stressed,,2024-09-01T13:37:25.925Z
2024-italian-r-HAM-154050,2024-italian-r,HAM,27,2024-italian-r-HAM-154050.mp3,Calm,,2024-09-01T13:41:16.505Z
2024-italian-r-MAG-154256,2024-italian-r,MAG,28,2024-italian-r-MAG-154256.mp3,Calm,,2024-09-01T13:43:28.708Z
2024-italian-r-LEC-154627,2024-italian-r,LEC,31,2024-italian-r-LEC-154627.mp3,Tired,,2024-09-01T13:46:48.562Z
2024-italian-r-MAG-154635,2024-italian-r,MAG,30,2024-italian-r-MAG-154635.mp3,Calm,,2024-09-01T13:46:48.7688602Z
2024-italian-r-PER-154840,2024-italian-r,PER,32,2024-italian-r-PER-154840.mp3,Tired,,2024-09-01T13:49:02.812Z
2024-italian-r-VER-154937,2024-italian-r,VER,33,2024-italian-r-VER-154937.mp3,Calm,,2024-09-01T13:50:07.97Z
2024-italian-r-NOR-155020,2024-italian-r,NOR,33,2024-italian-r-NOR-155020.mp3,Tired,,2024-09-01T13:50:40.544Z
2024-italian-r-ALB-155118,2024-italian-r,ALB,34,2024-italian-r-ALB-155118.mp3,Stressed,,2024-09-01T13:51:48.288Z
2024-italian-r-PIA-155413,2024-italian-r,PIA,37,2024-italian-r-PIA-155413.mp3,Tired,,2024-09-01T13:54:33.848Z
2024-italian-r-VER-155456,2024-italian-r,VER,37,2024-italian-r-VER-155456.mp3,Stressed,,2024-09-01T13:55:05.845Z
2024-italian-r-PIA-155610,2024-italian-r,PIA,38,2024-italian-r-PIA-155610.mp3,Tired,,2024-09-01T13:56:45.334Z
2024-italian-r-HAM-160143,2024-italian-r,HAM,42,2024-italian-r-HAM-160143.mp3,Calm,,2024-09-01T14:02:15.576Z
2024-italian-r-HUL-160232,2024-italian-r,HUL,41,2024-italian-r-HUL-160232.mp3,Tired,,2024-09-01T14:02:50.226Z
2024-italian-r-NOR-160239,2024-italian-r,NOR,42,2024-italian-r-NOR-160239.mp3,Stressed,,2024-09-01T14:02:50.226Z
2024-italian-r-HUL-160441,2024-italian-r,HUL,43,2024-italian-r-HUL-160441.mp3,Tired,,2024-09-01T14:05:00.859Z
2024-italian-r-SAI-160606,2024-italian-r,SAI,45,2024-italian-r-SAI-160606.mp3,Stressed,,2024-09-01T14:06:40.856Z
2024-italian-r-HAM-160647,2024-italian-r,HAM,45,2024-italian-r-HAM-160647.mp3,Calm,,2024-09-01T14:07:13.723Z
2024-italian-r-LEC-160915,2024-italian-r,LEC,47,2024-italian-r-LEC-160915.mp3,Tired,,2024-09-01T14:09:26.375Z
2024-italian-r-RUS-160942,2024-italian-r,RUS,47,2024-italian-r-RUS-160942.mp3,Calm,,2024-09-01T14:10:01.38Z
2024-italian-r-VER-161140,2024-italian-r,VER,49,2024-italian-r-VER-161140.mp3,Stressed,,2024-09-01T14:12:11.742Z
2024-italian-r-LEC-161929,2024-italian-r,LEC,53,2024-italian-r-LEC-161929.mp3,Stressed,,2024-09-01T14:20:29.053Z
2024-italian-r-LEC-162131,2024-italian-r,LEC,53,2024-italian-r-LEC-162131.mp3,Tired,,2024-09-01T14:20:34.649Z
2024-italian-r-PIA-162231,2024-italian-r,PIA,53,2024-italian-r-PIA-162231.mp3,Tired,,2024-09-01T14:20:34.649Z
2024-italian-r-MAG-162400,2024-italian-r,MAG,53,2024-italian-r-MAG-162400.mp3,Calm,,2024-09-01T14:20:34.649Z
2024-italian-r-COL-162433,2024-italian-r,COL,53,2024-italian-r-COL-162433.mp3,Calm,,2024-09-01T14:20:34.649Z
2024-italian-r-HUL-162613,2024-italian-r,HUL,52,2024-italian-r-HUL-162613.mp3,Calm,,2024-09-01T14:20:34.649Z
2024-italian-r-ALB-162622,2024-italian-r,ALB,53,2024-italian-r-ALB-162622.mp3,Tired,,2024-09-01T14:20:34.649Z
2024-italian-r-ZHO-162736,2024-italian-r,ZHO,52,2024-italian-r-ZHO-162736.mp3,Calm,,2024-09-01T14:20:34.649Z
2024-italian-r-BOT-162901,2024-italian-r,BOT,52,2024-italian-r-BOT-162901.mp3,Calm,,2024-09-01T14:20:34.649Z
2024-italian-r-VER-162843,2024-italian-r,VER,53,2024-italian-r-VER-162843.mp3,Calm,,2024-09-01T14:20:34.649Z
2024-italian-r-VER-162918,2024-italian-r,VER,53,2024-italian-r-VER-162918.mp3,Tired,,2024-09-01T14:20:34.649Z
2024-italian-r-PER-162920,2024-italian-r,PER,53,2024-italian-r-PER-162920.mp3,Tired,,2024-09-01T14:20:34.649Z
2024-italian-r-PER-162931,2024-italian-r,PER,53,2024-italian-r-PER-162931.mp3,Tired,,2024-09-01T14:20:34.649Z
2024-italian-r-HAM-162933,2024-italian-r,HAM,53,2024-italian-r-HAM-162933.mp3,Calm,,2024-09-01T14:20:34.649Z
2024-italian-r-RUS-163000,2024-italian-r,RUS,53,2024-italian-r-RUS-163000.mp3,Calm,,2024-09-01T14:20:34.649Z
2024-italian-r-SAI-163006,2024-italian-r,SAI,53,2024-italian-r-SAI-163006.mp3,Tired,,2024-09-01T14:20:34.649Z
2024-italian-r-SAI-163012,2024-italian-r,SAI,53,2024-italian-r-SAI-163012.mp3,Tired,,2024-09-01T14:20:34.649Z
2024-italian-r-RIC-163021,2024-italian-r,RIC,53,2024-italian-r-RIC-163021.mp3,Stressed,,2024-09-01T14:20:34.649Z
2024-italian-r-GAS-163013,2024-italian-r,GAS,52,2024-italian-r-GAS-163013.mp3,Tired,,2024-09-01T14:20:34.649Z
2024-italian-r-GAS-163045,2024-italian-r,GAS,52,2024-italian-r-GAS-163045.mp3,Tired,,2024-09-01T14:20:34.649Z
2024-italian-r-OCO-163046,2024-italian-r,OCO,52,2024-italian-r-OCO-163046.mp3,Calm,,2024-09-01T14:20:34.649Z
2024-italian-r-RIC-163049,2024-italian-r,RIC,53,2024-italian-r-RIC-163049.mp3,Tired,,2024-09-01T14:20:34.649Z
2024-singapore-r-HAM-192005,2024-singapore-r,HAM,,2024-singapore-r-HAM-192005.mp3,Calm,,2024-09-22T11:20:10.75Z
2024-singapore-r-COL-192211,2024-singapore-r,COL,,2024-singapore-r-COL-192211.mp3,Stressed,,2024-09-22T11:22:22.852Z
2024-singapore-r-NOR-192248,2024-singapore-r,NOR,,2024-singapore-r-NOR-192248.mp3,Tired,,2024-09-22T11:22:56.195Z
2024-singapore-r-BOT-192329,2024-singapore-r,BOT,,2024-singapore-r-BOT-192329.mp3,Tired,,2024-09-22T11:24:02.522Z
2024-singapore-r-RUS-192418,2024-singapore-r,RUS,,2024-singapore-r-RUS-192418.mp3,Stressed,,2024-09-22T11:24:36.48Z
2024-singapore-r-LEC-192529,2024-singapore-r,LEC,,2024-singapore-r-LEC-192529.mp3,Tired,,2024-09-22T11:25:42.03Z
2024-singapore-r-HAM-192614,2024-singapore-r,HAM,,2024-singapore-r-HAM-192614.mp3,Calm,,2024-09-22T11:26:48.064Z
2024-singapore-r-RUS-192643,2024-singapore-r,RUS,,2024-singapore-r-RUS-192643.mp3,Stressed,,2024-09-22T11:27:21.95Z
2024-singapore-r-STR-192827,2024-singapore-r,STR,,2024-singapore-r-STR-192827.mp3,Calm,,2024-09-22T11:29:02.2Z
2024-singapore-r-STR-192858,2024-singapore-r,STR,,2024-singapore-r-STR-192858.mp3,Calm,,2024-09-22T11:29:34.1774607Z
2024-singapore-r-STR-192927,2024-singapore-r,STR,,2024-singapore-r-STR-192927.mp3,Tired,,2024-09-22T11:30:07.5758076Z
2024-singapore-r-ZHO-195530,2024-singapore-r,ZHO,,2024-singapore-r-ZHO-195530.mp3,Calm,,2024-09-22T11:56:01.865Z
2024-singapore-r-GAS-195544,2024-singapore-r,GAS,,2024-singapore-r-GAS-195544.mp3,Tired,,2024-09-22T11:56:01.865Z
2024-singapore-r-RUS-200837,2024-singapore-r,RUS,4,2024-singapore-r-RUS-200837.mp3,Stressed,,2024-09-22T12:09:14.327Z
2024-singapore-r-ALB-201037,2024-singapore-r,ALB,5,2024-singapore-r-ALB-201037.mp3,Stressed,,2024-09-22T12:10:54.606Z
2024-singapore-r-LEC-201441,2024-singapore-r,LEC,7,2024-singapore-r-LEC-201441.mp3,Tired,,2024-09-22T12:15:17.339Z
2024-singapore-r-HUL-201647,2024-singapore-r,HUL,8,2024-singapore-r-HUL-201647.mp3,Stressed,,2024-09-22T12:16:56.317Z
2024-singapore-r-NOR-201706,2024-singapore-r,NOR,9,2024-singapore-r-NOR-201706.mp3,Calm,,2024-09-22T12:17:30.831Z
2024-singapore-r-PER-201818,2024-singapore-r,PER,9,2024-singapore-r-PER-201818.mp3,Tired,,2024-09-22T12:18:36.324Z
2024-singapore-r-PIA-201936,2024-singapore-r,PIA,10,2024-singapore-r-PIA-201936.mp3,Calm,,2024-09-22T12:20:16.464Z
2024-singapore-r-LEC-202040,2024-singapore-r,LEC,11,2024-singapore-r-LEC-202040.mp3,Tired,,2024-09-22T12:20:48.602Z
2024-singapore-r-TSU-202148,2024-singapore-r,TSU,12,2024-singapore-r-TSU-202148.mp3,Stressed,,2024-09-22T12:22:27.793Z
2024-singapore-r-MAG-202335,2024-singapore-r,MAG,13,2024-singapore-r-MAG-202335.mp3,Tired,,2024-09-22T12:24:07.212Z
2024-singapore-r-NOR-202608,2024-singapore-r,NOR,14,2024-singapore-r-NOR-202608.mp3,Tired,,2024-09-22T12:26:19.5485212Z
2024-singapore-r-PER-202910,2024-singapore-r,PER,16,2024-singapore-r-PER-202910.mp3,Calm,,2024-09-22T12:29:38.295Z
2024-singapore-r-LEC-203306,2024-singapore-r,LEC,18,2024-singapore-r-LEC-203306.mp3,Calm,,2024-09-22T12:33:30.511Z
2024-singapore-r-HAM-203645,2024-singapore-r,HAM,21,2024-singapore-r-HAM-203645.mp3,Tired,,2024-09-22T12:37:22.23Z
2024-singapore-r-NOR-203732,2024-singapore-r,NOR,21,2024-singapore-r-NOR-203732.mp3,Calm,,2024-09-22T12:37:55.495Z
2024-singapore-r-HAM-203942,2024-singapore-r,HAM,22,2024-singapore-r-HAM-203942.mp3,Calm,,2024-09-22T12:40:08.084Z
2024-singapore-r-LEC-204120,2024-singapore-r,LEC,23,2024-singapore-r-LEC-204120.mp3,Tired,,2024-09-22T12:41:47.626Z
2024-singapore-r-HAM-204450,2024-singapore-r,HAM,25,2024-singapore-r-HAM-204450.mp3,Tired,,2024-09-22T12:45:06.206Z
2024-singapore-r-HAM-204621,2024-singapore-r,HAM,26,2024-singapore-r-HAM-204621.mp3,Tired,,2024-09-22T12:46:44.436Z
2024-singapore-r-VER-204715,2024-singapore-r,VER,27,2024-singapore-r-VER-204715.mp3,Tired,,2024-09-22T12:47:51.726Z
2024-singapore-r-PIA-204918,2024-singapore-r,PIA,28,2024-singapore-r-PIA-204918.mp3,Tired,,2024-09-22T12:49:29.633985Z
2024-singapore-r-NOR-205056,2024-singapore-r,NOR,30,2024-singapore-r-NOR-205056.mp3,Tired,,2024-09-22T12:51:09.008Z
2024-singapore-r-VER-205420,2024-singapore-r,VER,31,2024-singapore-r-VER-205420.mp3,Stressed,,2024-09-22T12:55:00.638Z
2024-singapore-r-NOR-205504,2024-singapore-r,NOR,32,2024-singapore-r-NOR-205504.mp3,Stressed,,2024-09-22T12:55:33.7429317Z
2024-singapore-r-RUS-205633,2024-singapore-r,RUS,33,2024-singapore-r-RUS-205633.mp3,Calm,,2024-09-22T12:57:13.511Z
2024-singapore-r-LEC-205658,2024-singapore-r,LEC,33,2024-singapore-r-LEC-205658.mp3,Calm,,2024-09-22T12:57:13.511Z
2024-singapore-r-PIA-205833,2024-singapore-r,PIA,34,2024-singapore-r-PIA-205833.mp3,Calm,,2024-09-22T12:58:53.768Z
2024-singapore-r-PIA-205943,2024-singapore-r,PIA,35,2024-singapore-r-PIA-205943.mp3,Tired,,2024-09-22T12:59:58.98Z
2024-singapore-r-HAM-210026,2024-singapore-r,HAM,35,2024-singapore-r-HAM-210026.mp3,Calm,,2024-09-22T13:00:34.11Z
2024-singapore-r-LEC-210330,2024-singapore-r,LEC,37,2024-singapore-r-LEC-210330.mp3,Calm,,2024-09-22T13:03:51.074Z
2024-singapore-r-PIA-210421,2024-singapore-r,PIA,38,2024-singapore-r-PIA-210421.mp3,Tired,,2024-09-22T13:04:57.701Z
2024-singapore-r-TSU-210931,2024-singapore-r,TSU,40,2024-singapore-r-TSU-210931.mp3,Stressed,,2024-09-22T13:09:55.826Z
2024-singapore-r-TSU-211013,2024-singapore-r,TSU,40,2024-singapore-r-TSU-211013.mp3,Stressed,,2024-09-22T13:10:28.7982206Z
2024-singapore-r-LEC-211423,2024-singapore-r,LEC,43,2024-singapore-r-LEC-211423.mp3,Calm,,2024-09-22T13:14:53.255Z
2024-singapore-r-RUS-211546,2024-singapore-r,RUS,44,2024-singapore-r-RUS-211546.mp3,Tired,,2024-09-22T13:15:59.313Z
2024-singapore-r-HUL-211930,2024-singapore-r,HUL,46,2024-singapore-r-HUL-211930.mp3,Calm,,2024-09-22T13:19:50.422Z
2024-singapore-r-RUS-212002,2024-singapore-r,RUS,47,2024-singapore-r-RUS-212002.mp3,Stressed,,2024-09-22T13:20:23.772Z
2024-singapore-r-PER-212117,2024-singapore-r,PER,47,2024-singapore-r-PER-212117.mp3,Tired,,2024-09-22T13:21:29.4239897Z
2024-singapore-r-NOR-212320,2024-singapore-r,NOR,49,2024-singapore-r-NOR-212320.mp3,Tired,,2024-09-22T13:23:43.473Z
2024-singapore-r-LEC-212643,2024-singapore-r,LEC,51,2024-singapore-r-LEC-212643.mp3,Stressed,,2024-09-22T13:27:00.0838997Z
2024-singapore-r-RUS-212752,2024-singapore-r,RUS,52,2024-singapore-r-RUS-212752.mp3,Stressed,,2024-09-22T13:28:06.471Z
2024-singapore-r-RUS-212900,2024-singapore-r,RUS,52,2024-singapore-r-RUS-212900.mp3,Calm,,2024-09-22T13:29:12.56Z
2024-singapore-r-LEC-213022,2024-singapore-r,LEC,53,2024-singapore-r-LEC-213022.mp3,Calm,,2024-09-22T13:30:52.594Z
2024-singapore-r-NOR-213202,2024-singapore-r,NOR,55,2024-singapore-r-NOR-213202.mp3,Calm,,2024-09-22T13:32:32.306Z
2024-singapore-r-NOR-213550,2024-singapore-r,NOR,57,2024-singapore-r-NOR-213550.mp3,Tired,,2024-09-22T13:36:23.54Z
2024-singapore-r-PER-213745,2024-singapore-r,PER,57,2024-singapore-r-PER-213745.mp3,Tired,,2024-09-22T13:38:03.1043213Z
2024-singapore-r-LEC-214221,2024-singapore-r,LEC,60,2024-singapore-r-LEC-214221.mp3,Tired,,2024-09-22T13:42:28.004Z
2024-singapore-r-NOR-214610,2024-singapore-r,NOR,62,2024-singapore-r-NOR-214610.mp3,Calm,,2024-09-22T13:46:52.761Z
2024-singapore-r-VER-214702,2024-singapore-r,VER,62,2024-singapore-r-VER-214702.mp3,Calm,,2024-09-22T13:47:27.861Z
2024-singapore-r-PIA-214806,2024-singapore-r,PIA,62,2024-singapore-r-PIA-214806.mp3,Calm,,2024-09-22T13:47:27.861Z
2024-singapore-r-PER-214945,2024-singapore-r,PER,61,2024-singapore-r-PER-214945.mp3,Tired,,2024-09-22T13:47:27.861Z
2024-singapore-r-HAM-215043,2024-singapore-r,HAM,62,2024-singapore-r-HAM-215043.mp3,Calm,,2024-09-22T13:47:27.861Z
2024-singapore-r-HUL-215218,2024-singapore-r,HUL,61,2024-singapore-r-HUL-215218.mp3,Calm,,2024-09-22T13:47:27.861Z
2024-singapore-r-RUS-215248,2024-singapore-r,RUS,62,2024-singapore-r-RUS-215248.mp3,Stressed,,2024-09-22T13:47:27.861Z
2024-singapore-r-ZHO-215342,2024-singapore-r,ZHO,61,2024-singapore-r-ZHO-215342.mp3,Calm,,2024-09-22T13:47:27.861Z
2024-singapore-r-ALB-215542,2024-singapore-r,ALB,15,2024-singapore-r-ALB-215542.mp3,Calm,,2024-09-22T13:47:27.861Z
2024-singapore-r-SAI-215613,2024-singapore-r,SAI,62,2024-singapore-r-SAI-215613.mp3,Tired,,2024-09-22T13:47:27.861Z
2024-singapore-r-RIC-215645,2024-singapore-r,RIC,61,2024-singapore-r-RIC-215645.mp3,Calm,,2024-09-22T13:47:27.861Z
2024-singapore-r-TSU-215746,2024-singapore-r,TSU,61,2024-singapore-r-TSU-215746.mp3,Calm,,2024-09-22T13:47:27.861Z
2024-singapore-r-PIA-215754,2024-singapore-r,PIA,62,2024-singapore-r-PIA-215754.mp3,Calm,,2024-09-22T13:47:27.861Z
2024-singapore-r-STR-215949,2024-singapore-r,STR,61,2024-singapore-r-STR-215949.mp3,Tired,,2024-09-22T13:47:27.861Z
2024-singapore-r-ALO-215957,2024-singapore-r,ALO,61,2024-singapore-r-ALO-215957.mp3,Tired,,2024-09-22T13:47:27.861Z
2024-singapore-r-OCO-220040,2024-singapore-r,OCO,61,2024-singapore-r-OCO-220040.mp3,Calm,,2024-09-22T13:47:27.861Z
2024-singapore-r-GAS-220139,2024-singapore-r,GAS,61,2024-singapore-r-GAS-220139.mp3,Tired,,2024-09-22T13:47:27.861Z
2023-dutch-r-VER-131032,2023-dutch-r,VER,,2023-dutch-r-VER-131032.mp3,Tired,,2023-08-27T12:11:03.646648Z
2023-dutch-r-STR-131212,2023-dutch-r,STR,,2023-dutch-r-STR-131212.mp3,Calm,,2023-08-27T12:12:44.7548318Z
2023-dutch-r-MAG-131253,2023-dutch-r,MAG,,2023-dutch-r-MAG-131253.mp3,Calm,,2023-08-27T12:13:18.917Z
2023-dutch-r-PER-131331,2023-dutch-r,PER,,2023-dutch-r-PER-131331.mp3,Calm,,2023-08-27T12:13:53.995Z
2023-dutch-r-LEC-131501,2023-dutch-r,LEC,,2023-dutch-r-LEC-131501.mp3,Calm,,2023-08-27T12:15:34.29Z
2023-dutch-r-OCO-131556,2023-dutch-r,OCO,,2023-dutch-r-OCO-131556.mp3,Calm,,2023-08-27T12:16:41.6548245Z
2023-dutch-r-ALB-141808,2023-dutch-r,ALB,,2023-dutch-r-ALB-141808.mp3,Tired,,2023-08-27T12:17:50.006Z
2023-dutch-r-HUL-131743,2023-dutch-r,HUL,,2023-dutch-r-HUL-131743.mp3,Tired,,2023-08-27T12:19:00.052Z
2023-dutch-r-ALB-132103,2023-dutch-r,ALB,,2023-dutch-r-ALB-132103.mp3,Calm,,2023-08-27T12:21:12.643Z
2023-dutch-r-BOT-132122,2023-dutch-r,BOT,,2023-dutch-r-BOT-132122.mp3,Calm,,2023-08-27T12:21:46.4544969Z
2023-dutch-r-HUL-132200,2023-dutch-r,HUL,,2023-dutch-r-HUL-132200.mp3,Calm,,2023-08-27T12:22:20.83Z
2023-dutch-r-RUS-132300,2023-dutch-r,RUS,,2023-dutch-r-RUS-132300.mp3,Tired,,2023-08-27T12:23:27.8089149Z
2023-dutch-r-BOT-133545,2023-dutch-r,BOT,,2023-dutch-r-BOT-133545.mp3,Tired,,2023-08-27T12:36:18.205Z
2023-dutch-r-SAI-135349,2023-dutch-r,SAI,,2023-dutch-r-SAI-135349.mp3,Calm,,2023-08-27T12:54:06.999Z
2023-dutch-r-HUL-135450,2023-dutch-r,HUL,,2023-dutch-r-HUL-135450.mp3,Calm,,2023-08-27T12:55:48.8142761Z
2023-dutch-r-VER-135744,2023-dutch-r,VER,,2023-dutch-r-VER-135744.mp3,Calm,,2023-08-27T12:59:13.118Z
2023-dutch-r-ALO-150014,2023-dutch-r,ALO,,2023-dutch-r-ALO-150014.mp3,Calm,,2023-08-27T13:00:19.2751648Z
2023-dutch-r-STR-140033,2023-dutch-r,STR,,2023-dutch-r-STR-140033.mp3,Calm,,2023-08-27T13:00:53.32Z
2023-dutch-r-PIA-140141,2023-dutch-r,PIA,,2023-dutch-r-PIA-140141.mp3,Tired,,2023-08-27T13:02:03.568Z
2023-dutch-r-ALO-140228,2023-dutch-r,ALO,1,2023-dutch-r-ALO-140228.mp3,Calm,,2023-08-27T13:03:09.3743168Z
2023-dutch-r-MAG-140342,2023-dutch-r,MAG,1,2023-dutch-r-MAG-140342.mp3,Tired,,2023-08-27T13:04:19.019Z
2023-dutch-r-STR-140357,2023-dutch-r,STR,1,2023-dutch-r-STR-140357.mp3,Stressed,,2023-08-27T13:04:19.019Z
2023-dutch-r-ALO-140455,2023-dutch-r,ALO,2,2023-dutch-r-ALO-140455.mp3,Stressed,,2023-08-27T13:05:24.987Z
2023-dutch-r-ALB-140523,2023-dutch-r,ALB,2,2023-dutch-r-ALB-140523.mp3,Tired,,2023-08-27T13:05:59.33Z
2023-dutch-r-VER-140515,2023-dutch-r,VER,2,2023-dutch-r-VER-140515.mp3,Stressed,,2023-08-27T13:05:59.3544918Z
2023-dutch-r-NOR-140559,2023-dutch-r,NOR,3,2023-dutch-r-NOR-140559.mp3,Calm,,2023-08-27T13:06:34.423Z
2023-dutch-r-HAM-150738,2023-dutch-r,HAM,3,2023-dutch-r-HAM-150738.mp3,Tired,,2023-08-27T13:07:41Z
2023-dutch-r-ALO-140633,2023-dutch-r,ALO,3,2023-dutch-r-ALO-140633.mp3,Calm,,2023-08-27T13:07:41.828Z
2023-dutch-r-RUS-140742,2023-dutch-r,RUS,4,2023-dutch-r-RUS-140742.mp3,Tired,,2023-08-27T13:08:16.218Z
2023-dutch-r-OCO-140813,2023-dutch-r,OCO,4,2023-dutch-r-OCO-140813.mp3,Tired,,2023-08-27T13:08:50.483Z
2023-dutch-r-PER-140844,2023-dutch-r,PER,4,2023-dutch-r-PER-140844.mp3,Calm,,2023-08-27T13:09:24.983Z
2023-dutch-r-ALB-140907,2023-dutch-r,ALB,4,2023-dutch-r-ALB-140907.mp3,Tired,,2023-08-27T13:09:24.983Z
2023-dutch-r-LEC-141101,2023-dutch-r,LEC,6,2023-dutch-r-LEC-141101.mp3,Tired,,2023-08-27T13:11:40.402Z
2023-dutch-r-NOR-141043,2023-dutch-r,NOR,6,2023-dutch-r-NOR-141043.mp3,Stressed,,2023-08-27T13:11:40.402Z
2023-dutch-r-SAI-141420,2023-dutch-r,SAI,8,2023-dutch-r-SAI-141420.mp3,Tired,,2023-08-27T13:15:00.992Z
2023-dutch-r-RUS-151656,2023-dutch-r,RUS,9,2023-dutch-r-RUS-151656.mp3,Tired,,2023-08-27T13:16:41.6149114Z
2023-dutch-r-MAG-141704,2023-dutch-r,MAG,10,2023-dutch-r-MAG-141704.mp3,Stressed,,2023-08-27T13:17:16.365Z
2023-dutch-r-MAG-141755,2023-dutch-r,MAG,10,2023-dutch-r-MAG-141755.mp3,Stressed,,2023-08-27T13:18:23.004Z
2023-dutch-r-ALB-141904,2023-dutch-r,ALB,11,2023-dutch-r-ALB-141904.mp3,Tired,,2023-08-27T13:19:32.144Z
2023-dutch-r-HUL-141942,2023-dutch-r,HUL,11,2023-dutch-r-HUL-141942.mp3,Calm,,2023-08-27T13:20:04.299Z
2023-dutch-r-BOT-141958,2023-dutch-r,BOT,11,2023-dutch-r-BOT-141958.mp3,Calm,,2023-08-27T13:20:04.752Z
2023-dutch-r-NOR-142035,2023-dutch-r,NOR,12,2023-dutch-r-NOR-142035.mp3,Calm,,2023-08-27T13:21:12.423Z
2023-dutch-r-VER-142142,2023-dutch-r,VER,13,2023-dutch-r-VER-142142.mp3,Calm,,2023-08-27T13:22:20.078Z
2023-dutch-r-PER-142205,2023-dutch-r,PER,14,2023-dutch-r-PER-142205.mp3,Stressed,,2023-08-27T13:22:53.937Z
2023-dutch-r-ALO-142229,2023-dutch-r,ALO,14,2023-dutch-r-ALO-142229.mp3,Stressed,,2023-08-27T13:22:54.453Z
2023-dutch-r-PER-142328,2023-dutch-r,PER,15,2023-dutch-r-PER-142328.mp3,Tired,,2023-08-27T13:24:03.17Z
2023-dutch-r-RUS-152401,2023-dutch-r,RUS,14,2023-dutch-r-RUS-152401.mp3,Stressed,,2023-08-27T13:24:03.17Z
2023-dutch-r-PIA-142428,2023-dutch-r,PIA,15,2023-dutch-r-PIA-142428.mp3,Calm,,2023-08-27T13:24:38.279Z
2023-dutch-r-MAG-142506,2023-dutch-r,MAG,16,2023-dutch-r-MAG-142506.mp3,Tired,,2023-08-27T13:25:44.512Z
2023-dutch-r-SAI-142552,2023-dutch-r,SAI,16,2023-dutch-r-SAI-142552.mp3,Calm,,2023-08-27T13:26:18.558Z
2023-dutch-r-SAI-142610,2023-dutch-r,SAI,16,2023-dutch-r-SAI-142610.mp3,Tired,,2023-08-27T13:26:18.621Z
2023-dutch-r-OCO-142640,2023-dutch-r,OCO,16,2023-dutch-r-OCO-142640.mp3,Tired,,2023-08-27T13:26:53.698Z
2023-dutch-r-SAR-152752,2023-dutch-r,SAR,14,2023-dutch-r-SAR-152752.mp3,Tired,,2023-08-27T13:28:00.2219951Z
2023-dutch-r-ALO-142835,2023-dutch-r,ALO,18,2023-dutch-r-ALO-142835.mp3,Tired,,2023-08-27T13:29:09.149Z
2023-dutch-r-PER-152936,2023-dutch-r,PER,18,2023-dutch-r-PER-152936.mp3,Calm,,2023-08-27T13:29:41.211Z
2023-dutch-r-STR-142956,2023-dutch-r,STR,18,2023-dutch-r-STR-142956.mp3,Stressed,,2023-08-27T13:30:49.397Z
2023-dutch-r-HUL-143128,2023-dutch-r,HUL,19,2023-dutch-r-HUL-143128.mp3,Calm,,2023-08-27T13:32:30.583Z
2023-dutch-r-SAI-143236,2023-dutch-r,SAI,20,2023-dutch-r-SAI-143236.mp3,Tired,,2023-08-27T13:33:05.535Z
2023-dutch-r-PER-143311,2023-dutch-r,PER,20,2023-dutch-r-PER-143311.mp3,Calm,,2023-08-27T13:33:38.6755377Z
2023-dutch-r-PER-153439,2023-dutch-r,PER,21,2023-dutch-r-PER-153439.mp3,Calm,,2023-08-27T13:34:46.502Z
2023-dutch-r-ALB-143458,2023-dutch-r,ALB,21,2023-dutch-r-ALB-143458.mp3,Stressed,,2023-08-27T13:35:21.455Z
2023-dutch-r-HAM-143618,2023-dutch-r,HAM,22,2023-dutch-r-HAM-143618.mp3,Tired,,2023-08-27T13:37:01.781Z
2023-dutch-r-RUS-143825,2023-dutch-r,RUS,23,2023-dutch-r-RUS-143825.mp3,Tired,,2023-08-27T13:38:42.842Z
2023-dutch-r-ALB-143816,2023-dutch-r,ALB,23,2023-dutch-r-ALB-143816.mp3,Stressed,,2023-08-27T13:38:43.092Z
2023-dutch-r-ALB-143905,2023-dutch-r,ALB,24,2023-dutch-r-ALB-143905.mp3,Stressed,,2023-08-27T13:39:17.295Z
2023-dutch-r-SAI-144045,2023-dutch-r,SAI,25,2023-dutch-r-SAI-144045.mp3,Calm,,2023-08-27T13:40:58.605Z
2023-dutch-r-PIA-144110,2023-dutch-r,PIA,25,2023-dutch-r-PIA-144110.mp3,Calm,,2023-08-27T13:41:32.823Z
2023-dutch-r-SAI-144207,2023-dutch-r,SAI,26,2023-dutch-r-SAI-144207.mp3,Calm,,2023-08-27T13:42:40.478Z
2023-dutch-r-HAM-144235,2023-dutch-r,HAM,26,2023-dutch-r-HAM-144235.mp3,Tired,,2023-08-27T13:42:40.635Z
2023-dutch-r-STR-144502,2023-dutch-r,STR,28,2023-dutch-r-STR-144502.mp3,Stressed,,2023-08-27T13:45:28.319Z
2023-dutch-r-MAG-144610,2023-dutch-r,MAG,29,2023-dutch-r-MAG-144610.mp3,Calm,,2023-08-27T13:46:36.443Z
2023-dutch-r-VER-144720,2023-dutch-r,VER,30,2023-dutch-r-VER-144720.mp3,Calm,,2023-08-27T13:47:44.176Z
2023-dutch-r-LEC-144750,2023-dutch-r,LEC,30,2023-dutch-r-LEC-144750.mp3,Stressed,,2023-08-27T13:48:18.832Z
2023-dutch-r-VER-154847,2023-dutch-r,VER,31,2023-dutch-r-VER-154847.mp3,Tired,,2023-08-27T13:48:53.956Z
2023-dutch-r-GAS-144947,2023-dutch-r,GAS,32,2023-dutch-r-GAS-144947.mp3,Tired,,2023-08-27T13:49:59.1461479Z
2023-dutch-r-ALO-144948,2023-dutch-r,ALO,32,2023-dutch-r-ALO-144948.mp3,Calm,,2023-08-27T13:49:59.4155906Z
2023-dutch-r-LEC-144953,2023-dutch-r,LEC,32,2023-dutch-r-LEC-144953.mp3,Stressed,,2023-08-27T13:50:34.251Z
2023-dutch-r-ALO-145059,2023-dutch-r,ALO,33,2023-dutch-r-ALO-145059.mp3,Tired,,2023-08-27T13:51:41.719Z
2023-dutch-r-HAM-145133,2023-dutch-r,HAM,33,2023-dutch-r-HAM-145133.mp3,Calm,,2023-08-27T13:51:42.094Z
2023-dutch-r-OCO-145315,2023-dutch-r,OCO,35,2023-dutch-r-OCO-145315.mp3,Stressed,,2023-08-27T13:53:56.248Z
2023-dutch-r-MAG-145357,2023-dutch-r,MAG,35,2023-dutch-r-MAG-145357.mp3,Tired,,2023-08-27T13:54:30.169Z
2023-dutch-r-OCO-145425,2023-dutch-r,OCO,36,2023-dutch-r-OCO-145425.mp3,Tired,,2023-08-27T13:55:05.09Z
2023-dutch-r-ALB-145655,2023-dutch-r,ALB,38,2023-dutch-r-ALB-145655.mp3,Tired,,2023-08-27T13:57:20.556Z
2023-dutch-r-VER-155744,2023-dutch-r,VER,38,2023-dutch-r-VER-155744.mp3,Calm,,2023-08-27T13:57:52.931Z
2023-dutch-r-HAM-145812,2023-dutch-r,HAM,38,2023-dutch-r-HAM-145812.mp3,Calm,,2023-08-27T13:58:26.633Z
2023-dutch-r-PIA-145846,2023-dutch-r,PIA,39,2023-dutch-r-PIA-145846.mp3,Tired,,2023-08-27T13:59:00.852Z
2023-dutch-r-SAI-160008,2023-dutch-r,SAI,40,2023-dutch-r-SAI-160008.mp3,Calm,,2023-08-27T14:00:11.069Z
2023-dutch-r-RUS-145957,2023-dutch-r,RUS,40,2023-dutch-r-RUS-145957.mp3,Calm,,2023-08-27T14:00:43.193Z
2023-dutch-r-SAI-150130,2023-dutch-r,SAI,41,2023-dutch-r-SAI-150130.mp3,Tired,,2023-08-27T14:01:51.364Z
2023-dutch-r-HUL-150249,2023-dutch-r,HUL,42,2023-dutch-r-HUL-150249.mp3,Tired,,2023-08-27T14:02:58.05Z
2023-dutch-r-BOT-150250,2023-dutch-r,BOT,42,2023-dutch-r-BOT-150250.mp3,Tired,,2023-08-27T14:02:58.05Z
2023-dutch-r-LEC-160325,2023-dutch-r,LEC,41,2023-dutch-r-LEC-160325.mp3,Tired,,2023-08-27T14:03:32.565Z
2023-dutch-r-HUL-150259,2023-dutch-r,HUL,42,2023-dutch-r-HUL-150259.mp3,Calm,,2023-08-27T14:03:33.003Z
2023-dutch-r-OCO-150342,2023-dutch-r,OCO,43,2023-dutch-r-OCO-150342.mp3,Tired,,2023-08-27T14:04:07.127Z
2023-dutch-r-HUL-150630,2023-dutch-r,HUL,45,2023-dutch-r-HUL-150630.mp3,Calm,,2023-08-27T14:06:54.89Z
2023-dutch-r-RUS-150702,2023-dutch-r,RUS,45,2023-dutch-r-RUS-150702.mp3,Tired,,2023-08-27T14:07:29.139Z
2023-dutch-r-OCO-150800,2023-dutch-r,OCO,46,2023-dutch-r-OCO-150800.mp3,Stressed,,2023-08-27T14:08:37.56Z
2023-dutch-r-ALO-150845,2023-dutch-r,ALO,47,2023-dutch-r-ALO-150845.mp3,Calm,,2023-08-27T14:09:12.669Z
2023-dutch-r-SAI-151032,2023-dutch-r,SAI,48,2023-dutch-r-SAI-151032.mp3,Calm,,2023-08-27T14:10:52.964Z
2023-dutch-r-ALB-151229,2023-dutch-r,ALB,50,2023-dutch-r-ALB-151229.mp3,Calm,,2023-08-27T14:13:08.383Z
2023-dutch-r-OCO-161352,2023-dutch-r,OCO,51,2023-dutch-r-OCO-161352.mp3,Tired,,2023-08-27T14:14:14.023Z
2023-dutch-r-PIA-151334,2023-dutch-r,PIA,51,2023-dutch-r-PIA-151334.mp3,Calm,,2023-08-27T14:14:14.476Z
2023-dutch-r-MAG-151425,2023-dutch-r,MAG,51,2023-dutch-r-MAG-151425.mp3,Calm,,2023-08-27T14:14:48.663Z
2023-dutch-r-HUL-151554,2023-dutch-r,HUL,52,2023-dutch-r-HUL-151554.mp3,Calm,,2023-08-27T14:16:29.255Z
2023-dutch-r-ALO-151642,2023-dutch-r,ALO,53,2023-dutch-r-ALO-151642.mp3,Stressed,,2023-08-27T14:17:04.051Z
2023-dutch-r-TSU-151643,2023-dutch-r,TSU,53,2023-dutch-r-TSU-151643.mp3,Stressed,,2023-08-27T14:17:39.16Z
2023-dutch-r-VER-161813,2023-dutch-r,VER,56,2023-dutch-r-VER-161813.mp3,Calm,,2023-08-27T14:20:25.016Z
2023-dutch-r-ALB-151915,2023-dutch-r,ALB,56,2023-dutch-r-ALB-151915.mp3,Stressed,,2023-08-27T14:20:25.266Z
2023-dutch-r-ALO-151907,2023-dutch-r,ALO,56,2023-dutch-r-ALO-151907.mp3,Tired,,2023-08-27T14:20:25.641Z
2023-dutch-r-ALO-151945,2023-dutch-r,ALO,56,2023-dutch-r-ALO-151945.mp3,Calm,,2023-08-27T14:20:25.8327677Z
2023-dutch-r-NOR-152011,2023-dutch-r,NOR,56,2023-dutch-r-NOR-152011.mp3,Stressed,,2023-08-27T14:20:26.016Z
2023-dutch-r-VER-162207,2023-dutch-r,VER,58,2023-dutch-r-VER-162207.mp3,Stressed,,2023-08-27T14:22:07.53Z
2023-dutch-r-HAM-152209,2023-dutch-r,HAM,57,2023-dutch-r-HAM-152209.mp3,Tired,,2023-08-27T14:22:41.326Z
2023-dutch-r-HUL-152232,2023-dutch-r,HUL,57,2023-dutch-r-HUL-152232.mp3,Calm,,2023-08-27T14:22:41.545Z
2023-dutch-r-TSU-152308,2023-dutch-r,TSU,58,2023-dutch-r-TSU-152308.mp3,Calm,,2023-08-27T14:23:50.356Z
2023-dutch-r-GAS-152333,2023-dutch-r,GAS,59,2023-dutch-r-GAS-152333.mp3,Calm,,2023-08-27T14:23:50.356Z
2023-dutch-r-GAS-162425,2023-dutch-r,GAS,59,2023-dutch-r-GAS-162425.mp3,Calm,,2023-08-27T14:24:23.278Z
2023-dutch-r-HUL-152438,2023-dutch-r,HUL,59,2023-dutch-r-HUL-152438.mp3,Calm,,2023-08-27T14:24:56.996Z
2023-dutch-r-HAM-152523,2023-dutch-r,HAM,60,2023-dutch-r-HAM-152523.mp3,Calm,,2023-08-27T14:26:05.713Z
2023-dutch-r-HAM-162636,2023-dutch-r,HAM,61,2023-dutch-r-HAM-162636.mp3,Calm,,2023-08-27T14:26:38.775Z
2023-dutch-r-STR-152608,2023-dutch-r,STR,60,2023-dutch-r-STR-152608.mp3,Calm,,2023-08-27T14:26:40.822Z
2023-dutch-r-VER-152625,2023-dutch-r,VER,62,2023-dutch-r-VER-152625.mp3,Stressed,,2023-08-27T14:27:13.478Z
2023-dutch-r-HUL-152648,2023-dutch-r,HUL,61,2023-dutch-r-HUL-152648.mp3,Calm,,2023-08-27T14:27:13.696Z
2023-dutch-r-VER-152646,2023-dutch-r,VER,62,2023-dutch-r-VER-152646.mp3,Stressed,,2023-08-27T14:27:15.946Z
2023-dutch-r-OCO-162824,2023-dutch-r,OCO,62,2023-dutch-r-OCO-162824.mp3,Tired,,2023-08-27T14:28:21.195Z
2023-dutch-r-OCO-152846,2023-dutch-r,OCO,62,2023-dutch-r-OCO-152846.mp3,Tired,,2023-08-27T14:28:56.242Z
2023-dutch-r-OCO-152904,2023-dutch-r,OCO,62,2023-dutch-r-OCO-152904.mp3,Tired,,2023-08-27T14:29:31.335Z
2023-dutch-r-OCO-162955,2023-dutch-r,OCO,62,2023-dutch-r-OCO-162955.mp3,Stressed,,2023-08-27T14:29:31.335Z
2023-dutch-r-GAS-152948,2023-dutch-r,GAS,63,2023-dutch-r-GAS-152948.mp3,Stressed,,2023-08-27T14:30:04.006Z
2023-dutch-r-PER-153522,2023-dutch-r,PER,64,2023-dutch-r-PER-153522.mp3,Calm,,2023-08-27T14:36:13.2889389Z
2023-dutch-r-ALB-153603,2023-dutch-r,ALB,64,2023-dutch-r-ALB-153603.mp3,Tired,,2023-08-27T14:36:13.4699114Z
2023-dutch-r-SAI-163731,2023-dutch-r,SAI,64,2023-dutch-r-SAI-163731.mp3,Calm,,2023-08-27T14:37:22.779Z
2023-dutch-r-ALB-153654,2023-dutch-r,ALB,64,2023-dutch-r-ALB-153654.mp3,Tired,,2023-08-27T14:37:22.779Z
2023-dutch-r-MAG-153844,2023-dutch-r,MAG,64,2023-dutch-r-MAG-153844.mp3,Calm,,2023-08-27T14:39:03.106Z
2023-dutch-r-NOR-154034,2023-dutch-r,NOR,64,2023-dutch-r-NOR-154034.mp3,Tired,,2023-08-27T14:41:18.494Z
2023-dutch-r-LAW-155039,2023-dutch-r,LAW,64,2023-dutch-r-LAW-155039.mp3,Stressed,,2023-08-27T14:52:28.013Z
2023-dutch-r-LAW-155339,2023-dutch-r,LAW,64,2023-dutch-r-LAW-155339.mp3,Calm,,2023-08-27T14:54:42.3296102Z
2023-dutch-r-LAW-165745,2023-dutch-r,LAW,64,2023-dutch-r-LAW-165745.mp3,Calm,,2023-08-27T14:57:31.383Z
2023-dutch-r-LAW-160409,2023-dutch-r,LAW,64,2023-dutch-r-LAW-160409.mp3,Stressed,,2023-08-27T15:04:44.688Z
2023-dutch-r-MAG-160601,2023-dutch-r,MAG,64,2023-dutch-r-MAG-160601.mp3,Calm,,2023-08-27T15:06:25.576Z
2023-dutch-r-MAG-160620,2023-dutch-r,MAG,64,2023-dutch-r-MAG-160620.mp3,Calm,,2023-08-27T15:06:59.857Z
2023-dutch-r-LAW-160654,2023-dutch-r,LAW,64,2023-dutch-r-LAW-160654.mp3,Stressed,,2023-08-27T15:07:33.6825813Z
2023-dutch-r-RUS-160817,2023-dutch-r,RUS,64,2023-dutch-r-RUS-160817.mp3,Tired,,2023-08-27T15:08:41.011Z
2023-dutch-r-HUL-160911,2023-dutch-r,HUL,64,2023-dutch-r-HUL-160911.mp3,Calm,,2023-08-27T15:09:48.6891236Z
2023-dutch-r-PER-160955,2023-dutch-r,PER,64,2023-dutch-r-PER-160955.mp3,Tired,,2023-08-27T15:10:23.65Z
2023-dutch-r-VER-161139,2023-dutch-r,VER,64,2023-dutch-r-VER-161139.mp3,Calm,,2023-08-27T15:12:40.023Z
2023-dutch-r-VER-161318,2023-dutch-r,VER,64,2023-dutch-r-VER-161318.mp3,Calm,,2023-08-27T15:13:46.022Z
2023-dutch-r-STR-161526,2023-dutch-r,STR,65,2023-dutch-r-STR-161526.mp3,Tired,,2023-08-27T15:16:00.785Z
2023-dutch-r-ALO-171701,2023-dutch-r,ALO,65,2023-dutch-r-ALO-171701.mp3,Calm,,2023-08-27T15:16:35.722Z
2023-dutch-r-VER-161633,2023-dutch-r,VER,66,2023-dutch-r-VER-161633.mp3,Calm,,2023-08-27T15:17:10.846Z
2023-dutch-r-RUS-161817,2023-dutch-r,RUS,66,2023-dutch-r-RUS-161817.mp3,Calm,,2023-08-27T15:18:51.173Z
2023-dutch-r-GAS-162005,2023-dutch-r,GAS,68,2023-dutch-r-GAS-162005.mp3,Calm,,2023-08-27T15:20:31.514Z
2023-dutch-r-ALO-162130,2023-dutch-r,ALO,68,2023-dutch-r-ALO-162130.mp3,Calm,,2023-08-27T15:21:38.998Z
2023-dutch-r-SAI-172307,2023-dutch-r,SAI,69,2023-dutch-r-SAI-172307.mp3,Calm,,2023-08-27T15:22:46.934Z
2023-dutch-r-ALB-162306,2023-dutch-r,ALB,70,2023-dutch-r-ALB-162306.mp3,Stressed,,2023-08-27T15:23:21.996Z
2023-dutch-r-BOT-162551,2023-dutch-r,BOT,71,2023-dutch-r-BOT-162551.mp3,Calm,,2023-08-27T15:26:09.962Z
2023-dutch-r-VER-172852,2023-dutch-r,VER,72,2023-dutch-r-VER-172852.mp3,Calm,,2023-08-27T15:28:58.302Z
2023-dutch-r-ALO-162915,2023-dutch-r,ALO,72,2023-dutch-r-ALO-162915.mp3,Calm,,2023-08-27T15:30:05.582Z
2023-dutch-r-ALO-162957,2023-dutch-r,ALO,72,2023-dutch-r-ALO-162957.mp3,Stressed,,2023-08-27T15:30:38.926Z
2023-dutch-r-GAS-163113,2023-dutch-r,GAS,72,2023-dutch-r-GAS-163113.mp3,Stressed,,2023-08-27T15:30:38.926Z
2023-dutch-r-PER-173247,2023-dutch-r,PER,72,2023-dutch-r-PER-173247.mp3,Calm,,2023-08-27T15:30:38.926Z
2023-dutch-r-SAI-173404,2023-dutch-r,SAI,72,2023-dutch-r-SAI-173404.mp3,Calm,,2023-08-27T15:30:38.926Z
2023-dutch-r-LAW-163348,2023-dutch-r,LAW,72,2023-dutch-r-LAW-163348.mp3,Stressed,,2023-08-27T15:30:38.926Z
2023-dutch-r-RUS-173520,2023-dutch-r,RUS,72,2023-dutch-r-RUS-173520.mp3,Calm,,2023-08-27T15:30:38.926Z
2023-dutch-r-HAM-163448,2023-dutch-r,HAM,72,2023-dutch-r-HAM-163448.mp3,Calm,,2023-08-27T15:30:38.926Z
2023-dutch-r-TSU-163549,2023-dutch-r,TSU,72,2023-dutch-r-TSU-163549.mp3,Calm,,2023-08-27T15:30:38.926Z
2023-dutch-r-PIA-173626,2023-dutch-r,PIA,72,2023-dutch-r-PIA-173626.mp3,Calm,,2023-08-27T15:30:38.926Z
2023-dutch-r-NOR-173728,2023-dutch-r,NOR,72,2023-dutch-r-NOR-173728.mp3,Calm,,2023-08-27T15:30:38.926Z
2023-dutch-r-BOT-163733,2023-dutch-r,BOT,72,2023-dutch-r-BOT-163733.mp3,Calm,,2023-08-27T15:30:38.926Z
2023-dutch-r-HUL-173910,2023-dutch-r,HUL,72,2023-dutch-r-HUL-173910.mp3,Calm,,2023-08-27T15:39:11.276Z
2023-dutch-r-OCO-163831,2023-dutch-r,OCO,72,2023-dutch-r-OCO-163831.mp3,Tired,,2023-08-27T15:39:11.276Z
2023-dutch-r-ALB-163811,2023-dutch-r,ALB,72,2023-dutch-r-ALB-163811.mp3,Tired,,2023-08-27T15:39:11.276Z
2023-sao-paulo-r-ZHO-191345,2023-sao-paulo-r,ZHO,,2023-sao-paulo-r-ZHO-191345.mp3,Stressed,,2023-11-05T16:10:30.394Z
2023-sao-paulo-r-MAG-191419,2023-sao-paulo-r,MAG,,2023-sao-paulo-r-MAG-191419.mp3,Tired,,2023-11-05T16:10:30.628Z
2023-sao-paulo-r-MAG-160952,2023-sao-paulo-r,MAG,,2023-sao-paulo-r-MAG-160952.mp3,Tired,,2023-11-05T16:10:30.894Z
2023-sao-paulo-r-PER-161012,2023-sao-paulo-r,PER,,2023-sao-paulo-r-PER-161012.mp3,Tired,,2023-11-05T16:10:31.065Z
2023-sao-paulo-r-RUS-161338,2023-sao-paulo-r,RUS,,2023-sao-paulo-r-RUS-161338.mp3,Tired,,2023-11-05T16:14:25.953Z
2023-sao-paulo-r-MAG-161426,2023-sao-paulo-r,MAG,,2023-sao-paulo-r-MAG-161426.mp3,Calm,,2023-11-05T16:15:00.703Z
2023-sao-paulo-r-RUS-161450,2023-sao-paulo-r,RUS,,2023-sao-paulo-r-RUS-161450.mp3,Tired,,2023-11-05T16:15:35.812Z
2023-sao-paulo-r-ZHO-161552,2023-sao-paulo-r,ZHO,,2023-sao-paulo-r-ZHO-161552.mp3,Stressed,,2023-11-05T16:16:08.3604817Z
2023-sao-paulo-r-RIC-161621,2023-sao-paulo-r,RIC,,2023-sao-paulo-r-RIC-161621.mp3,Stressed,,2023-11-05T16:16:42.233Z
2023-sao-paulo-r-OCO-161620,2023-sao-paulo-r,OCO,,2023-sao-paulo-r-OCO-161620.mp3,Tired,,2023-11-05T16:16:42.999Z
2023-sao-paulo-r-OCO-161642,2023-sao-paulo-r,OCO,,2023-sao-paulo-r-OCO-161642.mp3,Tired,,2023-11-05T16:17:17.076Z
2023-sao-paulo-r-OCO-161959,2023-sao-paulo-r,OCO,,2023-sao-paulo-r-OCO-161959.mp3,Tired,,2023-11-05T16:20:39.580259Z
2023-sao-paulo-r-HAM-162102,2023-sao-paulo-r,HAM,,2023-sao-paulo-r-HAM-162102.mp3,Calm,,2023-11-05T16:21:13.636Z
2023-sao-paulo-r-SAI-165638,2023-sao-paulo-r,SAI,,2023-sao-paulo-r-SAI-165638.mp3,Calm,,2023-11-05T16:56:58.002Z
2023-sao-paulo-r-GAS-165652,2023-sao-paulo-r,GAS,,2023-sao-paulo-r-GAS-165652.mp3,Calm,,2023-11-05T16:57:32.845Z
2023-sao-paulo-r-GAS-165710,2023-sao-paulo-r,GAS,,2023-sao-paulo-r-GAS-165710.mp3,Tired,,2023-11-05T16:57:32.845Z
2023-sao-paulo-r-SAI-165712,2023-sao-paulo-r,SAI,,2023-sao-paulo-r-SAI-165712.mp3,Calm,,2023-11-05T16:57:32.845Z
2023-sao-paulo-r-PER-165756,2023-sao-paulo-r,PER,,2023-sao-paulo-r-PER-165756.mp3,Tired,,2023-11-05T16:58:40Z
2023-sao-paulo-r-GAS-165833,2023-sao-paulo-r,GAS,,2023-sao-paulo-r-GAS-165833.mp3,Calm,,2023-11-05T16:59:14.1551986Z
2023-sao-paulo-r-HAM-165910,2023-sao-paulo-r,HAM,,2023-sao-paulo-r-HAM-165910.mp3,Calm,,2023-11-05T16:59:48.25Z
2023-sao-paulo-r-PIA-170051,2023-sao-paulo-r,PIA,,2023-sao-paulo-r-PIA-170051.mp3,Stressed,,2023-11-05T17:01:30.0359472Z
2023-sao-paulo-r-VER-170144,2023-sao-paulo-r,VER,,2023-sao-paulo-r-VER-170144.mp3,Stressed,,2023-11-05T17:02:04.264Z
2023-sao-paulo-r-LEC-170140,2023-sao-paulo-r,LEC,,2023-sao-paulo-r-LEC-170140.mp3,Stressed,,2023-11-05T17:02:04.686Z
2023-sao-paulo-r-BOT-170237,2023-sao-paulo-r,BOT,,2023-sao-paulo-r-BOT-170237.mp3,Tired,,2023-11-05T17:03:13.888Z
2023-sao-paulo-r-LEC-170306,2023-sao-paulo-r,LEC,,2023-sao-paulo-r-LEC-170306.mp3,Calm,,2023-11-05T17:03:13.888Z
2023-sao-paulo-r-PIA-170708,2023-sao-paulo-r,PIA,1,2023-sao-paulo-r-PIA-170708.mp3,Tired,,2023-11-05T17:07:41.069Z
2023-sao-paulo-r-PIA-170809,2023-sao-paulo-r,PIA,1,2023-sao-paulo-r-PIA-170809.mp3,Tired,,2023-11-05T17:08:49.881Z
2023-sao-paulo-r-SAR-171649,2023-sao-paulo-r,SAR,2,2023-sao-paulo-r-SAR-171649.mp3,Tired,,2023-11-05T17:17:12.1586097Z
2023-sao-paulo-r-RIC-172303,2023-sao-paulo-r,RIC,1,2023-sao-paulo-r-RIC-172303.mp3,Stressed,,2023-11-05T17:23:55.027Z
2023-sao-paulo-r-GAS-172405,2023-sao-paulo-r,GAS,2,2023-sao-paulo-r-GAS-172405.mp3,Calm,,2023-11-05T17:25:03.057Z
2023-sao-paulo-r-PER-172732,2023-sao-paulo-r,PER,2,2023-sao-paulo-r-PER-172732.mp3,Calm,,2023-11-05T17:27:50.384Z
2023-sao-paulo-r-RIC-172959,2023-sao-paulo-r,RIC,1,2023-sao-paulo-r-RIC-172959.mp3,Calm,,2023-11-05T17:30:39.225Z
2023-sao-paulo-r-BOT-173907,2023-sao-paulo-r,BOT,8,2023-sao-paulo-r-BOT-173907.mp3,Calm,,2023-11-05T17:39:36.86Z
2023-sao-paulo-r-RUS-174144,2023-sao-paulo-r,RUS,10,2023-sao-paulo-r-RUS-174144.mp3,Stressed,,2023-11-05T17:41:51.702Z
2023-sao-paulo-r-VER-174357,2023-sao-paulo-r,VER,11,2023-sao-paulo-r-VER-174357.mp3,Stressed,,2023-11-05T17:44:06.716Z
2023-sao-paulo-r-ALO-174526,2023-sao-paulo-r,ALO,13,2023-sao-paulo-r-ALO-174526.mp3,Calm,,2023-11-05T17:45:47.793Z
2023-sao-paulo-r-RUS-174651,2023-sao-paulo-r,RUS,13,2023-sao-paulo-r-RUS-174651.mp3,Tired,,2023-11-05T17:46:57.167Z
2023-sao-paulo-r-RUS-174721,2023-sao-paulo-r,RUS,14,2023-sao-paulo-r-RUS-174721.mp3,Stressed,,2023-11-05T17:48:03.2867604Z
2023-sao-paulo-r-RUS-174933,2023-sao-paulo-r,RUS,16,2023-sao-paulo-r-RUS-174933.mp3,Stressed,,2023-11-05T17:50:17.931Z
2023-sao-paulo-r-RIC-175203,2023-sao-paulo-r,RIC,17,2023-sao-paulo-r-RIC-175203.mp3,Stressed,,2023-11-05T17:52:33.132Z
2023-sao-paulo-r-NOR-175356,2023-sao-paulo-r,NOR,20,2023-sao-paulo-r-NOR-175356.mp3,Calm,,2023-11-05T17:54:48.506Z
2023-sao-paulo-r-HAM-175533,2023-sao-paulo-r,HAM,20,2023-sao-paulo-r-HAM-175533.mp3,Stressed,,2023-11-05T17:55:54.6270758Z
2023-sao-paulo-r-ALO-175732,2023-sao-paulo-r,ALO,22,2023-sao-paulo-r-ALO-175732.mp3,Calm,,2023-11-05T17:58:09.753Z
2023-sao-paulo-r-VER-175745,2023-sao-paulo-r,VER,22,2023-sao-paulo-r-VER-175745.mp3,Stressed,,2023-11-05T17:58:09.847Z
2023-sao-paulo-r-PER-175742,2023-sao-paulo-r,PER,22,2023-sao-paulo-r-PER-175742.mp3,Stressed,,2023-11-05T17:58:10.222Z
2023-sao-paulo-r-PIA-175807,2023-sao-paulo-r,PIA,21,2023-sao-paulo-r-PIA-175807.mp3,Calm,,2023-11-05T17:58:44.2869556Z
2023-sao-paulo-r-PIA-180042,2023-sao-paulo-r,PIA,23,2023-sao-paulo-r-PIA-180042.mp3,Calm,,2023-11-05T18:00:59.564Z
2023-sao-paulo-r-HUL-180928,2023-sao-paulo-r,HUL,31,2023-sao-paulo-r-HUL-180928.mp3,Tired,,2023-11-05T18:09:56.745Z
2023-sao-paulo-r-RUS-181113,2023-sao-paulo-r,RUS,33,2023-sao-paulo-r-RUS-181113.mp3,Tired,,2023-11-05T18:11:38.228Z
2023-sao-paulo-r-HAM-181327,2023-sao-paulo-r,HAM,34,2023-sao-paulo-r-HAM-181327.mp3,Calm,,2023-11-05T18:13:53.102Z
2023-sao-paulo-r-TSU-182217,2023-sao-paulo-r,TSU,41,2023-sao-paulo-r-TSU-182217.mp3,Stressed,,2023-11-05T18:22:50.424Z
2023-sao-paulo-r-ALO-182555,2023-sao-paulo-r,ALO,44,2023-sao-paulo-r-ALO-182555.mp3,Tired,,2023-11-05T18:26:12.89Z
2023-sao-paulo-r-STR-182643,2023-sao-paulo-r,STR,45,2023-sao-paulo-r-STR-182643.mp3,Tired,,2023-11-05T18:27:20.467Z
2023-sao-paulo-r-GAS-182708,2023-sao-paulo-r,GAS,45,2023-sao-paulo-r-GAS-182708.mp3,Calm,,2023-11-05T18:27:55.576Z
2023-sao-paulo-r-HAM-182740,2023-sao-paulo-r,HAM,46,2023-sao-paulo-r-HAM-182740.mp3,Stressed,,2023-11-05T18:28:28.467Z
2023-sao-paulo-r-HAM-182857,2023-sao-paulo-r,HAM,47,2023-sao-paulo-r-HAM-182857.mp3,Calm,,2023-11-05T18:29:36.638Z
2023-sao-paulo-r-RUS-183017,2023-sao-paulo-r,RUS,47,2023-sao-paulo-r-RUS-183017.mp3,Calm,,2023-11-05T18:30:46.074Z
2023-sao-paulo-r-TSU-183052,2023-sao-paulo-r,TSU,48,2023-sao-paulo-r-TSU-183052.mp3,Tired,,2023-11-05T18:31:19.058Z
2023-sao-paulo-r-HAM-183108,2023-sao-paulo-r,HAM,48,2023-sao-paulo-r-HAM-183108.mp3,Calm,,2023-11-05T18:31:53.23Z
2023-sao-paulo-r-HAM-183412,2023-sao-paulo-r,HAM,50,2023-sao-paulo-r-HAM-183412.mp3,Stressed,,2023-11-05T18:34:41.79Z
2023-sao-paulo-r-GAS-183457,2023-sao-paulo-r,GAS,51,2023-sao-paulo-r-GAS-183457.mp3,Calm,,2023-11-05T18:35:16.868Z
2023-sao-paulo-r-VER-183640,2023-sao-paulo-r,VER,53,2023-sao-paulo-r-VER-183640.mp3,Stressed,,2023-11-05T18:36:57.6145769Z
2023-sao-paulo-r-RUS-183721,2023-sao-paulo-r,RUS,53,2023-sao-paulo-r-RUS-183721.mp3,Stressed,,2023-11-05T18:37:32.273Z
2023-sao-paulo-r-OCO-183802,2023-sao-paulo-r,OCO,53,2023-sao-paulo-r-OCO-183802.mp3,Tired,,2023-11-05T18:38:39.647Z
2023-sao-paulo-r-PIA-183935,2023-sao-paulo-r,PIA,53,2023-sao-paulo-r-PIA-183935.mp3,Calm,,2023-11-05T18:39:47.693Z
2023-sao-paulo-r-SAI-184011,2023-sao-paulo-r,SAI,55,2023-sao-paulo-r-SAI-184011.mp3,Tired,,2023-11-05T18:40:22.802Z
2023-sao-paulo-r-VER-184232,2023-sao-paulo-r,VER,58,2023-sao-paulo-r-VER-184232.mp3,Calm,,2023-11-05T18:43:08.769Z
2023-sao-paulo-r-RUS-184335,2023-sao-paulo-r,RUS,57,2023-sao-paulo-r-RUS-184335.mp3,Tired,,2023-11-05T18:43:43.378Z
2023-sao-paulo-r-HAM-184621,2023-sao-paulo-r,HAM,60,2023-sao-paulo-r-HAM-184621.mp3,Calm,,2023-11-05T18:47:04.61Z
2023-sao-paulo-r-HAM-184736,2023-sao-paulo-r,HAM,61,2023-sao-paulo-r-HAM-184736.mp3,Tired,,2023-11-05T18:48:13.906Z
2023-sao-paulo-r-SAR-184955,2023-sao-paulo-r,SAR,62,2023-sao-paulo-r-SAR-184955.mp3,Stressed,,2023-11-05T18:50:27.014Z
2023-sao-paulo-r-SAI-185719,2023-sao-paulo-r,SAI,69,2023-sao-paulo-r-SAI-185719.mp3,Tired,,2023-11-05T18:57:42.993Z
2023-sao-paulo-r-SAI-185928,2023-sao-paulo-r,SAI,71,2023-sao-paulo-r-SAI-185928.mp3,Calm,,2023-11-05T18:59:57.57Z
2023-sao-paulo-r-ALO-190042,2023-sao-paulo-r,ALO,71,2023-sao-paulo-r-ALO-190042.mp3,Tired,,2023-11-05T19:01:05.585Z
2023-sao-paulo-r-VER-190158,2023-sao-paulo-r,VER,71,2023-sao-paulo-r-VER-190158.mp3,Calm,,2023-11-05T19:02:47.084Z
2023-sao-paulo-r-ALO-190444,2023-sao-paulo-r,ALO,71,2023-sao-paulo-r-ALO-190444.mp3,Tired,,2023-11-05T19:04:12.848Z
2023-sao-paulo-r-NOR-190520,2023-sao-paulo-r,NOR,71,2023-sao-paulo-r-NOR-190520.mp3,Stressed,,2023-11-05T19:04:12.848Z
2023-sao-paulo-r-PER-190910,2023-sao-paulo-r,PER,71,2023-sao-paulo-r-PER-190910.mp3,Calm,,2023-11-05T19:04:12.848Z
2023-sao-paulo-r-GAS-191028,2023-sao-paulo-r,GAS,71,2023-sao-paulo-r-GAS-191028.mp3,Tired,,2023-11-05T19:04:12.848Z
2023-sao-paulo-r-SAR-191108,2023-sao-paulo-r,SAR,70,2023-sao-paulo-r-SAR-191108.mp3,Tired,,2023-11-05T19:04:12.848Z
2023-sao-paulo-r-TSU-191124,2023-sao-paulo-r,TSU,71,2023-sao-paulo-r-TSU-191124.mp3,Tired,,2023-11-05T19:04:12.848Z
2023-sao-paulo-r-RIC-191140,2023-sao-paulo-r,RIC,70,2023-sao-paulo-r-RIC-191140.mp3,Calm,,2023-11-05T19:04:12.848Z
2023-sao-paulo-r-STR-191201,2023-sao-paulo-r,STR,71,2023-sao-paulo-r-STR-191201.mp3,Stressed,,2023-11-05T19:04:12.848Z
2023-sao-paulo-r-HUL-191216,2023-sao-paulo-r,HUL,70,2023-sao-paulo-r-HUL-191216.mp3,Calm,,2023-11-05T19:04:12.848Z
2023-sao-paulo-r-HAM-191140,2023-sao-paulo-r,HAM,71,2023-sao-paulo-r-HAM-191140.mp3,Tired,,2023-11-05T19:04:12.848Z
2023-sao-paulo-r-PIA-191334,2023-sao-paulo-r,PIA,69,2023-sao-paulo-r-PIA-191334.mp3,Tired,,2023-11-05T19:04:12.848Z
2023-sao-paulo-r-OCO-191408,2023-sao-paulo-r,OCO,70,2023-sao-paulo-r-OCO-191408.mp3,Calm,,2023-11-05T19:04:12.848Z
2024-monaco-r-PIA-171518,2024-monaco-r,PIA,,2024-monaco-r-PIA-171518.mp3,Stressed,,2024-05-26T12:15:25.71Z
2024-monaco-r-NOR-141522,2024-monaco-r,NOR,,2024-monaco-r-NOR-141522.mp3,Stressed,,2024-05-26T12:15:25.8662788Z
2024-monaco-r-ALO-142258,2024-monaco-r,ALO,,2024-monaco-r-ALO-142258.mp3,Stressed,,2024-05-26T12:23:18.488Z
2024-monaco-r-RUS-142313,2024-monaco-r,RUS,,2024-monaco-r-RUS-142313.mp3,Tired,,2024-05-26T12:23:20.685Z
2024-monaco-r-HUL-150950,2024-monaco-r,HUL,1,2024-monaco-r-HUL-150950.mp3,Tired,,2024-05-26T13:10:31.6502813Z
2024-monaco-r-GAS-151355,2024-monaco-r,GAS,1,2024-monaco-r-GAS-151355.mp3,Stressed,,2024-05-26T13:14:30.005Z
2024-monaco-r-HAM-153115,2024-monaco-r,HAM,1,2024-monaco-r-HAM-153115.mp3,Tired,,2024-05-26T13:31:53.245Z
2024-monaco-r-LEC-153341,2024-monaco-r,LEC,1,2024-monaco-r-LEC-153341.mp3,Tired,,2024-05-26T13:34:08.648Z
2024-monaco-r-PIA-153355,2024-monaco-r,PIA,1,2024-monaco-r-PIA-153355.mp3,Calm,,2024-05-26T13:34:43.721Z
2024-monaco-r-NOR-153418,2024-monaco-r,NOR,1,2024-monaco-r-NOR-153418.mp3,Stressed,,2024-05-26T13:34:43.721Z
2024-monaco-r-BOT-153513,2024-monaco-r,BOT,1,2024-monaco-r-BOT-153513.mp3,Tired,,2024-05-26T13:35:50.6493563Z
2024-monaco-r-NOR-154615,2024-monaco-r,NOR,2,2024-monaco-r-NOR-154615.mp3,Calm,,2024-05-26T13:46:30.77Z
2024-monaco-r-RUS-155148,2024-monaco-r,RUS,6,2024-monaco-r-RUS-155148.mp3,Calm,,2024-05-26T13:52:08.879Z
2024-monaco-r-PIA-155317,2024-monaco-r,PIA,7,2024-monaco-r-PIA-155317.mp3,Calm,,2024-05-26T13:53:52.066Z
2024-monaco-r-RUS-155400,2024-monaco-r,RUS,8,2024-monaco-r-RUS-155400.mp3,Stressed,,2024-05-26T13:54:25.002Z
2024-monaco-r-VER-155814,2024-monaco-r,VER,11,2024-monaco-r-VER-155814.mp3,Calm,,2024-05-26T13:58:55.583Z
2024-monaco-r-RUS-155929,2024-monaco-r,RUS,12,2024-monaco-r-RUS-155929.mp3,Stressed,,2024-05-26T14:00:03.633Z
2024-monaco-r-SAI-160709,2024-monaco-r,SAI,18,2024-monaco-r-SAI-160709.mp3,Tired,,2024-05-26T14:07:22.221Z
2024-monaco-r-NOR-162223,2024-monaco-r,NOR,29,2024-monaco-r-NOR-162223.mp3,Calm,,2024-05-26T14:22:37.143Z
2024-monaco-r-NOR-162413,2024-monaco-r,NOR,31,2024-monaco-r-NOR-162413.mp3,Calm,,2024-05-26T14:24:52.581Z
2024-monaco-r-SAI-162811,2024-monaco-r,SAI,34,2024-monaco-r-SAI-162811.mp3,Tired,,2024-05-26T14:28:49.757Z
2024-monaco-r-PIA-162958,2024-monaco-r,PIA,35,2024-monaco-r-PIA-162958.mp3,Tired,,2024-05-26T14:30:33.636Z
2024-monaco-r-LEC-163528,2024-monaco-r,LEC,39,2024-monaco-r-LEC-163528.mp3,Calm,,2024-05-26T14:36:10.0509227Z
2024-monaco-r-PIA-163651,2024-monaco-r,PIA,40,2024-monaco-r-PIA-163651.mp3,Tired,,2024-05-26T14:37:19.767Z
2024-monaco-r-NOR-164205,2024-monaco-r,NOR,44,2024-monaco-r-NOR-164205.mp3,Calm,,2024-05-26T14:42:22.291Z
2024-monaco-r-SAI-164323,2024-monaco-r,SAI,45,2024-monaco-r-SAI-164323.mp3,Calm,,2024-05-26T14:44:03.7299616Z
2024-monaco-r-LEC-164652,2024-monaco-r,LEC,48,2024-monaco-r-LEC-164652.mp3,Tired,,2024-05-26T14:47:27.087Z
2024-monaco-r-NOR-164746,2024-monaco-r,NOR,49,2024-monaco-r-NOR-164746.mp3,Tired,,2024-05-26T14:48:36.733Z
2024-monaco-r-HAM-165451,2024-monaco-r,HAM,54,2024-monaco-r-HAM-165451.mp3,Tired,,2024-05-26T14:55:20.795Z
2024-monaco-r-SAI-170135,2024-monaco-r,SAI,59,2024-monaco-r-SAI-170135.mp3,Calm,,2024-05-26T15:02:04.924Z
2024-monaco-r-VER-170259,2024-monaco-r,VER,60,2024-monaco-r-VER-170259.mp3,Stressed,,2024-05-26T15:03:14.548Z
2024-monaco-r-TSU-171021,2024-monaco-r,TSU,65,2024-monaco-r-TSU-171021.mp3,Tired,,2024-05-26T15:10:32.7422136Z
2024-monaco-r-LEC-172039,2024-monaco-r,LEC,74,2024-monaco-r-LEC-172039.mp3,Calm,,2024-05-26T15:21:15.115Z
2024-monaco-r-LEC-172728,2024-monaco-r,LEC,78,2024-monaco-r-LEC-172728.mp3,Stressed,,2024-05-26T15:27:59.503Z
2024-monaco-r-LEC-172844,2024-monaco-r,LEC,78,2024-monaco-r-LEC-172844.mp3,Tired,,2024-05-26T15:28:19.559Z
2024-monaco-r-NOR-173036,2024-monaco-r,NOR,78,2024-monaco-r-NOR-173036.mp3,Calm,,2024-05-26T15:28:19.559Z
2024-monaco-r-PIA-173226,2024-monaco-r,PIA,78,2024-monaco-r-PIA-173226.mp3,Stressed,,2024-05-26T15:28:19.559Z
2024-monaco-r-SAI-173242,2024-monaco-r,SAI,78,2024-monaco-r-SAI-173242.mp3,Calm,,2024-05-26T15:28:19.559Z
2024-monaco-r-BOT-173235,2024-monaco-r,BOT,76,2024-monaco-r-BOT-173235.mp3,Calm,,2024-05-26T15:28:19.559Z
2024-monaco-r-NOR-173258,2024-monaco-r,NOR,78,2024-monaco-r-NOR-173258.mp3,Calm,,2024-05-26T15:28:19.559Z
2024-monaco-r-TSU-173330,2024-monaco-r,TSU,77,2024-monaco-r-TSU-173330.mp3,Calm,,2024-05-26T15:28:19.559Z
2024-monaco-r-RUS-173325,2024-monaco-r,RUS,78,2024-monaco-r-RUS-173325.mp3,Stressed,,2024-05-26T15:28:19.559Z
2024-monaco-r-HAM-173445,2024-monaco-r,HAM,78,2024-monaco-r-HAM-173445.mp3,Calm,,2024-05-26T15:28:19.559Z
2024-monaco-r-VER-173453,2024-monaco-r,VER,78,2024-monaco-r-VER-173453.mp3,Tired,,2024-05-26T15:28:19.559Z
2024-monaco-r-VER-173519,2024-monaco-r,VER,78,2024-monaco-r-VER-173519.mp3,Tired,,2024-05-26T15:28:19.559Z
2024-monaco-r-SAR-173516,2024-monaco-r,SAR,76,2024-monaco-r-SAR-173516.mp3,Calm,,2024-05-26T15:28:19.559Z
2024-monaco-r-ALB-173612,2024-monaco-r,ALB,77,2024-monaco-r-ALB-173612.mp3,Calm,,2024-05-26T15:28:19.559Z
2024-monaco-r-ALO-173650,2024-monaco-r,ALO,76,2024-monaco-r-ALO-173650.mp3,Calm,,2024-05-26T15:28:19.559Z
2024-monaco-r-STR-173700,2024-monaco-r,STR,76,2024-monaco-r-STR-173700.mp3,Calm,,2024-05-26T15:28:19.559Z
2024-monaco-r-GAS-173749,2024-monaco-r,GAS,77,2024-monaco-r-GAS-173749.mp3,Stressed,,2024-05-26T15:28:19.559Z
2023-bahrain-r-MAG-141949,2023-bahrain-r,MAG,,2023-bahrain-r-MAG-141949.mp3,Calm,,2023-03-05T14:20:25.563Z
2023-bahrain-r-PER-142737,2023-bahrain-r,PER,,2023-bahrain-r-PER-142737.mp3,Tired,,2023-03-05T14:28:08.211Z
2023-bahrain-r-MAG-145820,2023-bahrain-r,MAG,,2023-bahrain-r-MAG-145820.mp3,Tired,,2023-03-05T14:58:31.7697978Z
2023-bahrain-r-HUL-145953,2023-bahrain-r,HUL,,2023-bahrain-r-HUL-145953.mp3,Stressed,,2023-03-05T15:00:11.957Z
2023-bahrain-r-SAR-150237,2023-bahrain-r,SAR,,2023-bahrain-r-SAR-150237.mp3,Calm,,2023-03-05T15:02:58.2510788Z
2023-bahrain-r-HUL-150739,2023-bahrain-r,HUL,3,2023-bahrain-r-HUL-150739.mp3,Tired,,2023-03-05T15:07:58.261Z
2023-bahrain-r-PER-150827,2023-bahrain-r,PER,4,2023-bahrain-r-PER-150827.mp3,Tired,,2023-03-05T15:09:04.8859816Z
2023-bahrain-r-HUL-151055,2023-bahrain-r,HUL,5,2023-bahrain-r-HUL-151055.mp3,Stressed,,2023-03-05T15:11:18.835Z
2023-bahrain-r-BOT-151456,2023-bahrain-r,BOT,7,2023-bahrain-r-BOT-151456.mp3,Tired,,2023-03-05T15:15:11.487Z
2023-bahrain-r-NOR-151548,2023-bahrain-r,NOR,8,2023-bahrain-r-NOR-151548.mp3,Calm,,2023-03-05T15:16:18.377Z
2023-bahrain-r-ALB-151555,2023-bahrain-r,ALB,8,2023-bahrain-r-ALB-151555.mp3,Calm,,2023-03-05T15:16:20.877Z
2023-bahrain-r-HUL-151611,2023-bahrain-r,HUL,8,2023-bahrain-r-HUL-151611.mp3,Stressed,,2023-03-05T15:16:53.032Z
2023-bahrain-r-HAM-151725,2023-bahrain-r,HAM,9,2023-bahrain-r-HAM-151725.mp3,Calm,,2023-03-05T15:18:01.187Z
2023-bahrain-r-VER-151829,2023-bahrain-r,VER,10,2023-bahrain-r-VER-151829.mp3,Stressed,,2023-03-05T15:19:06.8939905Z
2023-bahrain-r-ZHO-151859,2023-bahrain-r,ZHO,10,2023-bahrain-r-ZHO-151859.mp3,Stressed,,2023-03-05T15:19:07.171Z
2023-bahrain-r-VER-151925,2023-bahrain-r,VER,10,2023-bahrain-r-VER-151925.mp3,Calm,,2023-03-05T15:19:41.467Z
2023-bahrain-r-HUL-152101,2023-bahrain-r,HUL,11,2023-bahrain-r-HUL-152101.mp3,Tired,,2023-03-05T15:21:21.778Z
2023-bahrain-r-STR-152227,2023-bahrain-r,STR,12,2023-bahrain-r-STR-152227.mp3,Stressed,,2023-03-05T15:23:02.088Z
2023-bahrain-r-SAI-152246,2023-bahrain-r,SAI,12,2023-bahrain-r-SAI-152246.mp3,Calm,,2023-03-05T15:23:02.088Z
2023-bahrain-r-ALO-152529,2023-bahrain-r,ALO,14,2023-bahrain-r-ALO-152529.mp3,Stressed,,2023-03-05T15:25:47.523Z
2023-bahrain-r-HUL-152700,2023-bahrain-r,HUL,14,2023-bahrain-r-HUL-152700.mp3,Stressed,,2023-03-05T15:27:27.865Z
2023-bahrain-r-PIA-152844,2023-bahrain-r,PIA,13,2023-bahrain-r-PIA-152844.mp3,Calm,,2023-03-05T15:29:08.5257245Z
2023-bahrain-r-ALB-152947,2023-bahrain-r,ALB,16,2023-bahrain-r-ALB-152947.mp3,Stressed,,2023-03-05T15:30:15.377Z
2023-bahrain-r-TSU-153021,2023-bahrain-r,TSU,16,2023-bahrain-r-TSU-153021.mp3,Stressed,,2023-03-05T15:30:49.267Z
2023-bahrain-r-TSU-153246,2023-bahrain-r,TSU,18,2023-bahrain-r-TSU-153246.mp3,Stressed,,2023-03-05T15:33:04.624Z
2023-bahrain-r-BOT-153449,2023-bahrain-r,BOT,19,2023-bahrain-r-BOT-153449.mp3,Tired,,2023-03-05T15:35:17.372Z
2023-bahrain-r-MAG-153511,2023-bahrain-r,MAG,19,2023-bahrain-r-MAG-153511.mp3,Calm,,2023-03-05T15:35:51.215Z
2023-bahrain-r-VER-153512,2023-bahrain-r,VER,20,2023-bahrain-r-VER-153512.mp3,Calm,,2023-03-05T15:35:51.622Z
2023-bahrain-r-NOR-153524,2023-bahrain-r,NOR,19,2023-bahrain-r-NOR-153524.mp3,Tired,,2023-03-05T15:35:51.996Z
2023-bahrain-r-HUL-153709,2023-bahrain-r,HUL,20,2023-bahrain-r-HUL-153709.mp3,Calm,,2023-03-05T15:37:32.354Z
2023-bahrain-r-TSU-153903,2023-bahrain-r,TSU,22,2023-bahrain-r-TSU-153903.mp3,Stressed,,2023-03-05T15:39:11.821Z
2023-bahrain-r-MAG-154004,2023-bahrain-r,MAG,22,2023-bahrain-r-MAG-154004.mp3,Tired,,2023-03-05T15:40:20.851Z
2023-bahrain-r-VER-154159,2023-bahrain-r,VER,24,2023-bahrain-r-VER-154159.mp3,Stressed,,2023-03-05T15:42:32.223Z
2023-bahrain-r-LEC-154208,2023-bahrain-r,LEC,24,2023-bahrain-r-LEC-154208.mp3,Tired,,2023-03-05T15:42:32.645Z
2023-bahrain-r-OCO-154224,2023-bahrain-r,OCO,23,2023-bahrain-r-OCO-154224.mp3,,,2023-03-05T15:42:32.7785668Z
2023-bahrain-r-SAI-154226,2023-bahrain-r,SAI,24,2023-bahrain-r-SAI-154226.mp3,Calm,,2023-03-05T15:42:32.989Z
2023-bahrain-r-OCO-154227,2023-bahrain-r,OCO,23,2023-bahrain-r-OCO-154227.mp3,Tired,,2023-03-05T15:42:33.036Z
2023-bahrain-r-LEC-154229,2023-bahrain-r,LEC,24,2023-bahrain-r-LEC-154229.mp3,Calm,,2023-03-05T15:42:33.1785071Z
2023-bahrain-r-GAS-154231,2023-bahrain-r,GAS,24,2023-bahrain-r-GAS-154231.mp3,Calm,,2023-03-05T15:42:33.286Z
2023-bahrain-r-OCO-154233,2023-bahrain-r,OCO,24,2023-bahrain-r-OCO-154233.mp3,Tired,,2023-03-05T15:43:07.629Z
2023-bahrain-r-ZHO-154237,2023-bahrain-r,ZHO,24,2023-bahrain-r-ZHO-154237.mp3,Stressed,,2023-03-05T15:43:08.02Z
2023-bahrain-r-ZHO-154252,2023-bahrain-r,ZHO,24,2023-bahrain-r-ZHO-154252.mp3,Stressed,,2023-03-05T15:43:08.176Z
2023-bahrain-r-ALO-154411,2023-bahrain-r,ALO,25,2023-bahrain-r-ALO-154411.mp3,Stressed,,2023-03-05T15:44:48.924Z
2023-bahrain-r-LEC-154746,2023-bahrain-r,LEC,27,2023-bahrain-r-LEC-154746.mp3,Stressed,,2023-03-05T15:48:09.311Z
2023-bahrain-r-HUL-154950,2023-bahrain-r,HUL,28,2023-bahrain-r-HUL-154950.mp3,Calm,,2023-03-05T15:50:22.605Z
2023-bahrain-r-VER-155007,2023-bahrain-r,VER,29,2023-bahrain-r-VER-155007.mp3,Stressed,,2023-03-05T15:50:57.699Z
2023-bahrain-r-PER-155033,2023-bahrain-r,PER,29,2023-bahrain-r-PER-155033.mp3,Calm,,2023-03-05T15:50:57.699Z
2023-bahrain-r-LEC-155040,2023-bahrain-r,LEC,29,2023-bahrain-r-LEC-155040.mp3,Calm,,2023-03-05T15:50:57.699Z
2023-bahrain-r-HAM-155041,2023-bahrain-r,HAM,29,2023-bahrain-r-HAM-155041.mp3,Tired,,2023-03-05T15:50:57.699Z
2023-bahrain-r-PER-155209,2023-bahrain-r,PER,30,2023-bahrain-r-PER-155209.mp3,Calm,,2023-03-05T15:52:37.931Z
2023-bahrain-r-PER-155215,2023-bahrain-r,PER,30,2023-bahrain-r-PER-155215.mp3,Tired,,2023-03-05T15:52:37.931Z
2023-bahrain-r-ALB-155216,2023-bahrain-r,ALB,29,2023-bahrain-r-ALB-155216.mp3,Calm,,2023-03-05T15:52:37.931Z
2023-bahrain-r-HAM-155328,2023-bahrain-r,HAM,31,2023-bahrain-r-HAM-155328.mp3,Tired,,2023-03-05T15:54:18.257Z
2023-bahrain-r-STR-155420,2023-bahrain-r,STR,31,2023-bahrain-r-STR-155420.mp3,Tired,,2023-03-05T15:54:53.351Z
2023-bahrain-r-RUS-155430,2023-bahrain-r,RUS,31,2023-bahrain-r-RUS-155430.mp3,Calm,,2023-03-05T15:54:53.351Z
2023-bahrain-r-ZHO-155524,2023-bahrain-r,ZHO,32,2023-bahrain-r-ZHO-155524.mp3,Stressed,,2023-03-05T15:55:59.084Z
2023-bahrain-r-OCO-155746,2023-bahrain-r,OCO,33,2023-bahrain-r-OCO-155746.mp3,Tired,,2023-03-05T15:58:13.769Z
2023-bahrain-r-NOR-160632,2023-bahrain-r,NOR,38,2023-bahrain-r-NOR-160632.mp3,Calm,,2023-03-05T16:07:05.681Z
2023-bahrain-r-ALO-160629,2023-bahrain-r,ALO,39,2023-bahrain-r-ALO-160629.mp3,Tired,,2023-03-05T16:07:06.087Z
2023-bahrain-r-OCO-160907,2023-bahrain-r,OCO,39,2023-bahrain-r-OCO-160907.mp3,Stressed,,2023-03-05T16:09:53.1Z
2023-bahrain-r-NOR-161646,2023-bahrain-r,NOR,43,2023-bahrain-r-NOR-161646.mp3,Tired,,2023-03-05T16:17:07.217Z
2023-bahrain-r-SAI-161631,2023-bahrain-r,SAI,44,2023-bahrain-r-SAI-161631.mp3,Stressed,,2023-03-05T16:17:07.217Z
2023-bahrain-r-DEV-161647,2023-bahrain-r,DEV,44,2023-bahrain-r-DEV-161647.mp3,Stressed,,2023-03-05T16:17:07.217Z
2023-bahrain-r-PER-161725,2023-bahrain-r,PER,45,2023-bahrain-r-PER-161725.mp3,Calm,,2023-03-05T16:17:40.029Z
2023-bahrain-r-HUL-161807,2023-bahrain-r,HUL,45,2023-bahrain-r-HUL-161807.mp3,Calm,,2023-03-05T16:18:47.497Z
2023-bahrain-r-BOT-162018,2023-bahrain-r,BOT,46,2023-bahrain-r-BOT-162018.mp3,Calm,,2023-03-05T16:20:27.776Z
2023-bahrain-r-ALO-162303,2023-bahrain-r,ALO,48,2023-bahrain-r-ALO-162303.mp3,Calm,,2023-03-05T16:23:14.477Z
2023-bahrain-r-ALO-162511,2023-bahrain-r,ALO,50,2023-bahrain-r-ALO-162511.mp3,Stressed,,2023-03-05T16:26:01.004Z
2023-bahrain-r-ALO-162918,2023-bahrain-r,ALO,52,2023-bahrain-r-ALO-162918.mp3,Calm,,2023-03-05T16:29:54.906Z
2023-bahrain-r-STR-163228,2023-bahrain-r,STR,54,2023-bahrain-r-STR-163228.mp3,Calm,,2023-03-05T16:32:41.778Z
2023-bahrain-r-NOR-163402,2023-bahrain-r,NOR,54,2023-bahrain-r-NOR-163402.mp3,Calm,,2023-03-05T16:34:22.308Z
2023-bahrain-r-ZHO-163627,2023-bahrain-r,ZHO,55,2023-bahrain-r-ZHO-163627.mp3,Stressed,,2023-03-05T16:36:36.884Z
2023-bahrain-r-ALO-163945,2023-bahrain-r,ALO,57,2023-bahrain-r-ALO-163945.mp3,Stressed,,2023-03-05T16:40:31.629Z
2023-bahrain-r-SAR-164323,2023-bahrain-r,SAR,56,2023-bahrain-r-SAR-164323.mp3,Calm,,2023-03-05T16:42:52.674Z
2023-bahrain-r-ALO-164341,2023-bahrain-r,ALO,57,2023-bahrain-r-ALO-164341.mp3,Calm,,2023-03-05T16:42:52.674Z
2023-bahrain-r-RUS-164410,2023-bahrain-r,RUS,57,2023-bahrain-r-RUS-164410.mp3,Stressed,,2023-03-05T16:42:52.674Z
2023-bahrain-r-ALB-164612,2023-bahrain-r,ALB,57,2023-bahrain-r-ALB-164612.mp3,Calm,,2023-03-05T16:42:52.674Z
2023-bahrain-r-TSU-164722,2023-bahrain-r,TSU,57,2023-bahrain-r-TSU-164722.mp3,Tired,,2023-03-05T16:42:52.674Z
2023-bahrain-r-PER-164706,2023-bahrain-r,PER,57,2023-bahrain-r-PER-164706.mp3,Calm,,2023-03-05T16:42:52.674Z
2023-bahrain-r-DEV-164854,2023-bahrain-r,DEV,56,2023-bahrain-r-DEV-164854.mp3,Stressed,,2023-03-05T16:42:52.674Z
2023-bahrain-r-GAS-164848,2023-bahrain-r,GAS,57,2023-bahrain-r-GAS-164848.mp3,Calm,,2023-03-05T16:42:52.674Z
2023-bahrain-r-HUL-165025,2023-bahrain-r,HUL,56,2023-bahrain-r-HUL-165025.mp3,Tired,,2023-03-05T16:42:52.674Z
2023-bahrain-r-MAG-165155,2023-bahrain-r,MAG,56,2023-bahrain-r-MAG-165155.mp3,Stressed,,2023-03-05T16:42:52.674Z
2023-bahrain-r-BOT-165208,2023-bahrain-r,BOT,57,2023-bahrain-r-BOT-165208.mp3,Stressed,,2023-03-05T16:42:52.674Z
2023-monaco-r-STR-131050,2023-monaco-r,STR,,2023-monaco-r-STR-131050.mp3,Calm,,2023-05-28T12:11:31.5357588Z
2023-monaco-r-ALO-162158,2023-monaco-r,ALO,,2023-monaco-r-ALO-162158.mp3,Calm,,2023-05-28T12:11:34.278Z
2023-monaco-r-HUL-131123,2023-monaco-r,HUL,,2023-monaco-r-HUL-131123.mp3,Calm,,2023-05-28T12:11:34.278Z
2023-monaco-r-DEV-131146,2023-monaco-r,DEV,,2023-monaco-r-DEV-131146.mp3,Stressed,,2023-05-28T12:12:06.4155543Z
2023-monaco-r-OCO-131250,2023-monaco-r,OCO,,2023-monaco-r-OCO-131250.mp3,Tired,,2023-05-28T12:13:14.573Z
2023-monaco-r-ZHO-131311,2023-monaco-r,ZHO,,2023-monaco-r-ZHO-131311.mp3,Calm,,2023-05-28T12:13:47.385Z
2023-monaco-r-MAG-131403,2023-monaco-r,MAG,,2023-monaco-r-MAG-131403.mp3,Stressed,,2023-05-28T12:14:21.056Z
2023-monaco-r-RUS-131429,2023-monaco-r,RUS,,2023-monaco-r-RUS-131429.mp3,Calm,,2023-05-28T12:14:54.869Z
2023-monaco-r-ZHO-131505,2023-monaco-r,ZHO,,2023-monaco-r-ZHO-131505.mp3,Calm,,2023-05-28T12:15:29.977Z
2023-monaco-r-DEV-131611,2023-monaco-r,DEV,,2023-monaco-r-DEV-131611.mp3,Stressed,,2023-05-28T12:16:35.5763944Z
2023-monaco-r-HAM-131856,2023-monaco-r,HAM,,2023-monaco-r-HAM-131856.mp3,Tired,,2023-05-28T12:19:21.7553866Z
2023-monaco-r-ALB-132029,2023-monaco-r,ALB,,2023-monaco-r-ALB-132029.mp3,Calm,,2023-05-28T12:21:03.049Z
2023-monaco-r-NOR-135757,2023-monaco-r,NOR,,2023-monaco-r-NOR-135757.mp3,Tired,,2023-05-28T12:58:37.618Z
2023-monaco-r-SAR-135847,2023-monaco-r,SAR,,2023-monaco-r-SAR-135847.mp3,Tired,,2023-05-28T12:59:12.321Z
2023-monaco-r-OCO-140124,2023-monaco-r,OCO,,2023-monaco-r-OCO-140124.mp3,Tired,,2023-05-28T13:01:57.787Z
2023-monaco-r-ALO-140132,2023-monaco-r,ALO,,2023-monaco-r-ALO-140132.mp3,Calm,,2023-05-28T13:01:57.8247739Z
2023-monaco-r-STR-140140,2023-monaco-r,STR,,2023-monaco-r-STR-140140.mp3,,,2023-05-28T13:01:58.006Z
2023-monaco-r-PIA-140140,2023-monaco-r,PIA,,2023-monaco-r-PIA-140140.mp3,Calm,,2023-05-28T13:01:58.052Z
2023-monaco-r-STR-140143,2023-monaco-r,STR,,2023-monaco-r-STR-140143.mp3,Calm,,2023-05-28T13:01:58.193Z
2023-monaco-r-ZHO-140206,2023-monaco-r,ZHO,,2023-monaco-r-ZHO-140206.mp3,Stressed,,2023-05-28T13:02:32.864Z
2023-monaco-r-OCO-140500,2023-monaco-r,OCO,2,2023-monaco-r-OCO-140500.mp3,Stressed,,2023-05-28T13:05:18.658Z
2023-monaco-r-SAI-140528,2023-monaco-r,SAI,3,2023-monaco-r-SAI-140528.mp3,Calm,,2023-05-28T13:05:53.423Z
2023-monaco-r-RUS-140705,2023-monaco-r,RUS,4,2023-monaco-r-RUS-140705.mp3,Tired,,2023-05-28T13:07:33.703Z
2023-monaco-r-RUS-140721,2023-monaco-r,RUS,4,2023-monaco-r-RUS-140721.mp3,Calm,,2023-05-28T13:07:33.703Z
2023-monaco-r-STR-140729,2023-monaco-r,STR,4,2023-monaco-r-STR-140729.mp3,Stressed,,2023-05-28T13:08:08.827Z
2023-monaco-r-SAR-140808,2023-monaco-r,SAR,4,2023-monaco-r-SAR-140808.mp3,Stressed,,2023-05-28T13:08:40.5458213Z
2023-monaco-r-SAI-140922,2023-monaco-r,SAI,5,2023-monaco-r-SAI-140922.mp3,Tired,,2023-05-28T13:09:49.122Z
2023-monaco-r-HUL-140924,2023-monaco-r,HUL,5,2023-monaco-r-HUL-140924.mp3,Stressed,,2023-05-28T13:09:49.122Z
2023-monaco-r-HUL-140932,2023-monaco-r,HUL,5,2023-monaco-r-HUL-140932.mp3,Calm,,2023-05-28T13:09:49.122Z
2023-monaco-r-HUL-140938,2023-monaco-r,HUL,5,2023-monaco-r-HUL-140938.mp3,Tired,,2023-05-28T13:09:49.122Z
2023-monaco-r-ALO-140939,2023-monaco-r,ALO,6,2023-monaco-r-ALO-140939.mp3,Calm,,2023-05-28T13:09:49.122Z
2023-monaco-r-ALO-140946,2023-monaco-r,ALO,6,2023-monaco-r-ALO-140946.mp3,Tired,,2023-05-28T13:09:49.122Z
2023-monaco-r-SAI-140947,2023-monaco-r,SAI,6,2023-monaco-r-SAI-140947.mp3,Calm,,2023-05-28T13:10:24.231Z
2023-monaco-r-SAI-141028,2023-monaco-r,SAI,6,2023-monaco-r-SAI-141028.mp3,Stressed,,2023-05-28T13:10:56.652Z
2023-monaco-r-MAG-141100,2023-monaco-r,MAG,7,2023-monaco-r-MAG-141100.mp3,Calm,,2023-05-28T13:11:30.464Z
2023-monaco-r-SAI-141135,2023-monaco-r,SAI,7,2023-monaco-r-SAI-141135.mp3,Tired,,2023-05-28T13:12:04.479Z
2023-monaco-r-DEV-141211,2023-monaco-r,DEV,8,2023-monaco-r-DEV-141211.mp3,Stressed,,2023-05-28T13:12:39.572Z
2023-monaco-r-RUS-141303,2023-monaco-r,RUS,8,2023-monaco-r-RUS-141303.mp3,Stressed,,2023-05-28T13:13:11.728Z
2023-monaco-r-ALO-141532,2023-monaco-r,ALO,10,2023-monaco-r-ALO-141532.mp3,Calm,,2023-05-28T13:16:00.194Z
2023-monaco-r-HUL-141639,2023-monaco-r,HUL,11,2023-monaco-r-HUL-141639.mp3,Tired,,2023-05-28T13:17:05.396Z
2023-monaco-r-SAI-141658,2023-monaco-r,SAI,11,2023-monaco-r-SAI-141658.mp3,Tired,,2023-05-28T13:17:40.489Z
2023-monaco-r-SAR-141705,2023-monaco-r,SAR,11,2023-monaco-r-SAR-141705.mp3,Calm,,2023-05-28T13:17:40.489Z
2023-monaco-r-SAI-141745,2023-monaco-r,SAI,12,2023-monaco-r-SAI-141745.mp3,Tired,,2023-05-28T13:18:13.2274973Z
2023-monaco-r-GAS-141751,2023-monaco-r,GAS,12,2023-monaco-r-GAS-141751.mp3,Tired,,2023-05-28T13:18:15.598Z
2023-monaco-r-PER-141814,2023-monaco-r,PER,12,2023-monaco-r-PER-141814.mp3,Tired,,2023-05-28T13:18:47.55Z
2023-monaco-r-OCO-141835,2023-monaco-r,OCO,12,2023-monaco-r-OCO-141835.mp3,Tired,,2023-05-28T13:18:47.691Z
2023-monaco-r-GAS-141839,2023-monaco-r,GAS,13,2023-monaco-r-GAS-141839.mp3,Stressed,,2023-05-28T13:19:21.581Z
2023-monaco-r-SAI-141844,2023-monaco-r,SAI,13,2023-monaco-r-SAI-141844.mp3,Stressed,,2023-05-28T13:19:22.19Z
2023-monaco-r-GAS-141854,2023-monaco-r,GAS,13,2023-monaco-r-GAS-141854.mp3,Stressed,,2023-05-28T13:19:22.456Z
2023-monaco-r-BOT-141921,2023-monaco-r,BOT,13,2023-monaco-r-BOT-141921.mp3,Stressed,,2023-05-28T13:19:56.252Z
2023-monaco-r-ALO-141936,2023-monaco-r,ALO,13,2023-monaco-r-ALO-141936.mp3,Stressed,,2023-05-28T13:19:56.455Z
2023-monaco-r-ALO-141946,2023-monaco-r,ALO,14,2023-monaco-r-ALO-141946.mp3,Stressed,,2023-05-28T13:20:30.986Z
2023-monaco-r-ALO-142019,2023-monaco-r,ALO,14,2023-monaco-r-ALO-142019.mp3,Calm,,2023-05-28T13:20:30.986Z
2023-monaco-r-ZHO-142133,2023-monaco-r,ZHO,14,2023-monaco-r-ZHO-142133.mp3,Calm,,2023-05-28T13:21:37.813Z
2023-monaco-r-OCO-142144,2023-monaco-r,OCO,15,2023-monaco-r-OCO-142144.mp3,Stressed,,2023-05-28T13:22:11.6346787Z
2023-monaco-r-HUL-142210,2023-monaco-r,HUL,15,2023-monaco-r-HUL-142210.mp3,Stressed,,2023-05-28T13:22:46.39Z
2023-monaco-r-ZHO-142254,2023-monaco-r,ZHO,15,2023-monaco-r-ZHO-142254.mp3,Calm,,2023-05-28T13:23:19.374Z
2023-monaco-r-RUS-142323,2023-monaco-r,RUS,16,2023-monaco-r-RUS-142323.mp3,Tired,,2023-05-28T13:23:53.029Z
2023-monaco-r-RUS-142501,2023-monaco-r,RUS,17,2023-monaco-r-RUS-142501.mp3,Tired,,2023-05-28T13:25:33.543Z
2023-monaco-r-SAI-142503,2023-monaco-r,SAI,18,2023-monaco-r-SAI-142503.mp3,Stressed,,2023-05-28T13:25:33.8738717Z
2023-monaco-r-SAI-142511,2023-monaco-r,SAI,18,2023-monaco-r-SAI-142511.mp3,Calm,,2023-05-28T13:25:34.184Z
2023-monaco-r-SAI-142518,2023-monaco-r,SAI,18,2023-monaco-r-SAI-142518.mp3,Tired,,2023-05-28T13:25:34.309Z
2023-monaco-r-RUS-142519,2023-monaco-r,RUS,17,2023-monaco-r-RUS-142519.mp3,Calm,,2023-05-28T13:25:34.527Z
2023-monaco-r-RUS-142524,2023-monaco-r,RUS,17,2023-monaco-r-RUS-142524.mp3,Calm,,2023-05-28T13:25:34.793Z
2023-monaco-r-RUS-142531,2023-monaco-r,RUS,18,2023-monaco-r-RUS-142531.mp3,Calm,,2023-05-28T13:26:09.371Z
2023-monaco-r-HUL-142600,2023-monaco-r,HUL,18,2023-monaco-r-HUL-142600.mp3,Tired,,2023-05-28T13:26:09.527Z
2023-monaco-r-HUL-142604,2023-monaco-r,HUL,18,2023-monaco-r-HUL-142604.mp3,Calm,,2023-05-28T13:26:43.3893497Z
2023-monaco-r-LEC-142705,2023-monaco-r,LEC,19,2023-monaco-r-LEC-142705.mp3,Calm,,2023-05-28T13:27:17.26Z
2023-monaco-r-DEV-142812,2023-monaco-r,DEV,19,2023-monaco-r-DEV-142812.mp3,Stressed,,2023-05-28T13:28:24.134Z
2023-monaco-r-GAS-142835,2023-monaco-r,GAS,20,2023-monaco-r-GAS-142835.mp3,Calm,,2023-05-28T13:28:58.024Z
2023-monaco-r-HUL-142902,2023-monaco-r,HUL,20,2023-monaco-r-HUL-142902.mp3,Calm,,2023-05-28T13:29:32.461Z
2023-monaco-r-SAI-142859,2023-monaco-r,SAI,21,2023-monaco-r-SAI-142859.mp3,Calm,,2023-05-28T13:29:32.461Z
2023-monaco-r-OCO-142947,2023-monaco-r,OCO,21,2023-monaco-r-OCO-142947.mp3,Stressed,,2023-05-28T13:30:07.538Z
2023-monaco-r-MAG-142951,2023-monaco-r,MAG,21,2023-monaco-r-MAG-142951.mp3,Stressed,,2023-05-28T13:30:07.538Z
2023-monaco-r-MAG-142956,2023-monaco-r,MAG,21,2023-monaco-r-MAG-142956.mp3,Calm,,2023-05-28T13:30:07.538Z
2023-monaco-r-RUS-143109,2023-monaco-r,RUS,22,2023-monaco-r-RUS-143109.mp3,Tired,,2023-05-28T13:31:47.833Z
2023-monaco-r-SAI-143218,2023-monaco-r,SAI,23,2023-monaco-r-SAI-143218.mp3,Calm,,2023-05-28T13:32:53.673879Z
2023-monaco-r-BOT-143248,2023-monaco-r,BOT,23,2023-monaco-r-BOT-143248.mp3,Calm,,2023-05-28T13:32:54.035Z
2023-monaco-r-NOR-143359,2023-monaco-r,NOR,24,2023-monaco-r-NOR-143359.mp3,Calm,,2023-05-28T13:34:34.065Z
2023-monaco-r-SAI-143443,2023-monaco-r,SAI,25,2023-monaco-r-SAI-143443.mp3,Calm,,2023-05-28T13:35:08.439Z
2023-monaco-r-SAI-143455,2023-monaco-r,SAI,25,2023-monaco-r-SAI-143455.mp3,Tired,,2023-05-28T13:35:08.439Z
2023-monaco-r-NOR-143530,2023-monaco-r,NOR,25,2023-monaco-r-NOR-143530.mp3,Tired,,2023-05-28T13:35:43.548Z
2023-monaco-r-RUS-143614,2023-monaco-r,RUS,26,2023-monaco-r-RUS-143614.mp3,Calm,,2023-05-28T13:36:49.234Z
2023-monaco-r-SAI-143629,2023-monaco-r,SAI,26,2023-monaco-r-SAI-143629.mp3,Calm,,2023-05-28T13:36:49.359Z
2023-monaco-r-HAM-143657,2023-monaco-r,HAM,27,2023-monaco-r-HAM-143657.mp3,Calm,,2023-05-28T13:37:23.796Z
2023-monaco-r-PER-143714,2023-monaco-r,PER,26,2023-monaco-r-PER-143714.mp3,Tired,,2023-05-28T13:37:23.796Z
2023-monaco-r-NOR-143705,2023-monaco-r,NOR,26,2023-monaco-r-NOR-143705.mp3,Tired,,2023-05-28T13:37:23.999Z
2023-monaco-r-SAI-143757,2023-monaco-r,SAI,28,2023-monaco-r-SAI-143757.mp3,Tired,,2023-05-28T13:38:30.764Z
2023-monaco-r-VER-143857,2023-monaco-r,VER,29,2023-monaco-r-VER-143857.mp3,Stressed,,2023-05-28T13:39:39.215Z
2023-monaco-r-NOR-143927,2023-monaco-r,NOR,28,2023-monaco-r-NOR-143927.mp3,Tired,,2023-05-28T13:40:11.949Z
2023-monaco-r-VER-143941,2023-monaco-r,VER,29,2023-monaco-r-VER-143941.mp3,Stressed,,2023-05-28T13:40:12.184Z
2023-monaco-r-OCO-144015,2023-monaco-r,OCO,29,2023-monaco-r-OCO-144015.mp3,Stressed,,2023-05-28T13:40:46.324Z
2023-monaco-r-HUL-144032,2023-monaco-r,HUL,29,2023-monaco-r-HUL-144032.mp3,Stressed,,2023-05-28T13:40:46.5938781Z
2023-monaco-r-PER-144102,2023-monaco-r,PER,29,2023-monaco-r-PER-144102.mp3,Calm,,2023-05-28T13:41:20.464Z
2023-monaco-r-HUL-144112,2023-monaco-r,HUL,30,2023-monaco-r-HUL-144112.mp3,Stressed,,2023-05-28T13:41:54.572Z
2023-monaco-r-HAM-144240,2023-monaco-r,HAM,31,2023-monaco-r-HAM-144240.mp3,Stressed,,2023-05-28T13:43:01.571Z
2023-monaco-r-ZHO-144313,2023-monaco-r,ZHO,31,2023-monaco-r-ZHO-144313.mp3,Stressed,,2023-05-28T13:43:35.242Z
2023-monaco-r-BOT-144356,2023-monaco-r,BOT,31,2023-monaco-r-BOT-144356.mp3,Tired,,2023-05-28T13:44:09.914Z
2023-monaco-r-LEC-144404,2023-monaco-r,LEC,32,2023-monaco-r-LEC-144404.mp3,Tired,,2023-05-28T13:44:09.914Z
2023-monaco-r-PER-144445,2023-monaco-r,PER,32,2023-monaco-r-PER-144445.mp3,Tired,,2023-05-28T13:45:16.256Z
2023-monaco-r-PER-144546,2023-monaco-r,PER,33,2023-monaco-r-PER-144546.mp3,Stressed,,2023-05-28T13:46:25.286Z
2023-monaco-r-STR-144632,2023-monaco-r,STR,33,2023-monaco-r-STR-144632.mp3,Tired,,2023-05-28T13:46:57.3945239Z
2023-monaco-r-VER-144628,2023-monaco-r,VER,34,2023-monaco-r-VER-144628.mp3,Stressed,,2023-05-28T13:46:57.77Z
2023-monaco-r-STR-144706,2023-monaco-r,STR,34,2023-monaco-r-STR-144706.mp3,Tired,,2023-05-28T13:47:31.473Z
2023-monaco-r-TSU-144730,2023-monaco-r,TSU,35,2023-monaco-r-TSU-144730.mp3,Calm,,2023-05-28T13:48:05.91Z
2023-monaco-r-PER-144742,2023-monaco-r,PER,34,2023-monaco-r-PER-144742.mp3,Tired,,2023-05-28T13:48:05.91Z
2023-monaco-r-SAR-144848,2023-monaco-r,SAR,35,2023-monaco-r-SAR-144848.mp3,Stressed,,2023-05-28T13:49:12.283Z
2023-monaco-r-SAI-144850,2023-monaco-r,SAI,36,2023-monaco-r-SAI-144850.mp3,Stressed,,2023-05-28T13:49:46.548Z
2023-monaco-r-BOT-144921,2023-monaco-r,BOT,36,2023-monaco-r-BOT-144921.mp3,Tired,,2023-05-28T13:49:46.72Z
2023-monaco-r-SAI-144957,2023-monaco-r,SAI,36,2023-monaco-r-SAI-144957.mp3,Calm,,2023-05-28T13:50:21.266Z
2023-monaco-r-DEV-145021,2023-monaco-r,DEV,36,2023-monaco-r-DEV-145021.mp3,Stressed,,2023-05-28T13:50:54.25Z
2023-monaco-r-PER-145040,2023-monaco-r,PER,36,2023-monaco-r-PER-145040.mp3,Tired,,2023-05-28T13:50:56.344Z
2023-monaco-r-ALB-145047,2023-monaco-r,ALB,36,2023-monaco-r-ALB-145047.mp3,Tired,,2023-05-28T13:50:56.344Z
2023-monaco-r-OCO-145303,2023-monaco-r,OCO,39,2023-monaco-r-OCO-145303.mp3,Stressed,,2023-05-28T13:53:41.857Z
2023-monaco-r-PIA-145338,2023-monaco-r,PIA,39,2023-monaco-r-PIA-145338.mp3,Calm,,2023-05-28T13:54:16.934Z
2023-monaco-r-OCO-145512,2023-monaco-r,OCO,40,2023-monaco-r-OCO-145512.mp3,Calm,,2023-05-28T13:55:22.053823Z
2023-monaco-r-HAM-145614,2023-monaco-r,HAM,41,2023-monaco-r-HAM-145614.mp3,Calm,,2023-05-28T13:56:28.8339918Z
2023-monaco-r-HAM-145632,2023-monaco-r,HAM,42,2023-monaco-r-HAM-145632.mp3,Calm,,2023-05-28T13:57:02.5545376Z
2023-monaco-r-HAM-145751,2023-monaco-r,HAM,43,2023-monaco-r-HAM-145751.mp3,Calm,,2023-05-28T13:58:09.43Z
2023-monaco-r-HAM-145754,2023-monaco-r,HAM,43,2023-monaco-r-HAM-145754.mp3,Tired,,2023-05-28T13:58:09.821Z
2023-monaco-r-RUS-145804,2023-monaco-r,RUS,43,2023-monaco-r-RUS-145804.mp3,Stressed,,2023-05-28T13:58:43.679Z
2023-monaco-r-RUS-145847,2023-monaco-r,RUS,44,2023-monaco-r-RUS-145847.mp3,Calm,,2023-05-28T13:59:17.491Z
2023-monaco-r-VER-145858,2023-monaco-r,VER,44,2023-monaco-r-VER-145858.mp3,Stressed,,2023-05-28T13:59:17.773Z
2023-monaco-r-VER-145913,2023-monaco-r,VER,44,2023-monaco-r-VER-145913.mp3,Calm,,2023-05-28T13:59:52.6Z
2023-monaco-r-ALO-150013,2023-monaco-r,ALO,45,2023-monaco-r-ALO-150013.mp3,Calm,,2023-05-28T14:00:25.709Z
2023-monaco-r-BOT-150047,2023-monaco-r,BOT,44,2023-monaco-r-BOT-150047.mp3,Stressed,,2023-05-28T14:00:59.536Z
2023-monaco-r-ALO-150158,2023-monaco-r,ALO,46,2023-monaco-r-ALO-150158.mp3,Calm,,2023-05-28T14:02:39.894Z
2023-monaco-r-SAI-150251,2023-monaco-r,SAI,46,2023-monaco-r-SAI-150251.mp3,Calm,,2023-05-28T14:03:13.69Z
2023-monaco-r-BOT-150337,2023-monaco-r,BOT,46,2023-monaco-r-BOT-150337.mp3,Tired,,2023-05-28T14:03:48.299Z
2023-monaco-r-SAI-150338,2023-monaco-r,SAI,47,2023-monaco-r-SAI-150338.mp3,Stressed,,2023-05-28T14:03:48.299Z
2023-monaco-r-SAI-150343,2023-monaco-r,SAI,47,2023-monaco-r-SAI-150343.mp3,Tired,,2023-05-28T14:03:48.299Z
2023-monaco-r-BOT-150344,2023-monaco-r,BOT,47,2023-monaco-r-BOT-150344.mp3,Tired,,2023-05-28T14:04:23.392Z
2023-monaco-r-HAM-150442,2023-monaco-r,HAM,48,2023-monaco-r-HAM-150442.mp3,Tired,,2023-05-28T14:04:55.36Z
2023-monaco-r-VER-150445,2023-monaco-r,VER,49,2023-monaco-r-VER-150445.mp3,Calm,,2023-05-28T14:05:28.953Z
2023-monaco-r-ZHO-150517,2023-monaco-r,ZHO,47,2023-monaco-r-ZHO-150517.mp3,Stressed,,2023-05-28T14:05:29.407Z
2023-monaco-r-DEV-150622,2023-monaco-r,DEV,48,2023-monaco-r-DEV-150622.mp3,Stressed,,2023-05-28T14:06:36.374Z
2023-monaco-r-ALO-150639,2023-monaco-r,ALO,50,2023-monaco-r-ALO-150639.mp3,Tired,,2023-05-28T14:07:10.186Z
2023-monaco-r-VER-150635,2023-monaco-r,VER,50,2023-monaco-r-VER-150635.mp3,Calm,,2023-05-28T14:07:10.373Z
2023-monaco-r-MAG-150707,2023-monaco-r,MAG,49,2023-monaco-r-MAG-150707.mp3,Calm,,2023-05-28T14:07:44.545Z
2023-monaco-r-BOT-150738,2023-monaco-r,BOT,49,2023-monaco-r-BOT-150738.mp3,Calm,,2023-05-28T14:07:44.842Z
2023-monaco-r-RUS-150737,2023-monaco-r,RUS,51,2023-monaco-r-RUS-150737.mp3,Stressed,,2023-05-28T14:08:19.091Z
2023-monaco-r-BOT-150813,2023-monaco-r,BOT,50,2023-monaco-r-BOT-150813.mp3,Tired,,2023-05-28T14:08:19.091Z
2023-monaco-r-RUS-150913,2023-monaco-r,RUS,51,2023-monaco-r-RUS-150913.mp3,Tired,,2023-05-28T14:09:25.996Z
2023-monaco-r-OCO-150919,2023-monaco-r,OCO,51,2023-monaco-r-OCO-150919.mp3,Stressed,,2023-05-28T14:09:26.34Z
2023-monaco-r-VER-151001,2023-monaco-r,VER,53,2023-monaco-r-VER-151001.mp3,Calm,,2023-05-28T14:10:33.495Z
2023-monaco-r-VER-151150,2023-monaco-r,VER,54,2023-monaco-r-VER-151150.mp3,Stressed,,2023-05-28T14:12:13.993Z
2023-monaco-r-SAI-151243,2023-monaco-r,SAI,54,2023-monaco-r-SAI-151243.mp3,Stressed,,2023-05-28T14:13:22.585Z
2023-monaco-r-VER-151441,2023-monaco-r,VER,55,2023-monaco-r-VER-151441.mp3,Stressed,,2023-05-28T14:15:02.881Z
2023-monaco-r-SAR-151709,2023-monaco-r,SAR,55,2023-monaco-r-SAR-151709.mp3,Calm,,2023-05-28T14:17:48.4773353Z
2023-monaco-r-TSU-151817,2023-monaco-r,TSU,56,2023-monaco-r-TSU-151817.mp3,Stressed,,2023-05-28T14:18:23.455Z
2023-monaco-r-HUL-151854,2023-monaco-r,HUL,56,2023-monaco-r-HUL-151854.mp3,Calm,,2023-05-28T14:19:29.001Z
2023-monaco-r-MAG-151909,2023-monaco-r,MAG,56,2023-monaco-r-MAG-151909.mp3,Calm,,2023-05-28T14:19:29.204Z
2023-monaco-r-VER-151935,2023-monaco-r,VER,58,2023-monaco-r-VER-151935.mp3,Calm,,2023-05-28T14:20:03.75Z
2023-monaco-r-MAG-152044,2023-monaco-r,MAG,56,2023-monaco-r-MAG-152044.mp3,Stressed,,2023-05-28T14:21:10.343Z
2023-monaco-r-SAI-152110,2023-monaco-r,SAI,59,2023-monaco-r-SAI-152110.mp3,Calm,,2023-05-28T14:21:44.108Z
2023-monaco-r-SAI-152122,2023-monaco-r,SAI,59,2023-monaco-r-SAI-152122.mp3,Calm,,2023-05-28T14:22:19.17Z
2023-monaco-r-RUS-152241,2023-monaco-r,RUS,60,2023-monaco-r-RUS-152241.mp3,Tired,,2023-05-28T14:23:25.184Z
2023-monaco-r-RUS-152340,2023-monaco-r,RUS,60,2023-monaco-r-RUS-152340.mp3,Tired,,2023-05-28T14:24:31.964Z
2023-monaco-r-LEC-152515,2023-monaco-r,LEC,61,2023-monaco-r-LEC-152515.mp3,Stressed,,2023-05-28T14:25:39.682Z
2023-monaco-r-HAM-152525,2023-monaco-r,HAM,61,2023-monaco-r-HAM-152525.mp3,Tired,,2023-05-28T14:25:39.682Z
2023-monaco-r-SAI-152620,2023-monaco-r,SAI,61,2023-monaco-r-SAI-152620.mp3,Tired,,2023-05-28T14:26:46.337Z
2023-monaco-r-SAI-152650,2023-monaco-r,SAI,62,2023-monaco-r-SAI-152650.mp3,Calm,,2023-05-28T14:27:20.399Z
2023-monaco-r-RUS-152823,2023-monaco-r,RUS,63,2023-monaco-r-RUS-152823.mp3,Stressed,,2023-05-28T14:29:01.2538189Z
2023-monaco-r-RUS-152913,2023-monaco-r,RUS,63,2023-monaco-r-RUS-152913.mp3,Calm,,2023-05-28T14:29:35.381Z
2023-monaco-r-MAG-153007,2023-monaco-r,MAG,62,2023-monaco-r-MAG-153007.mp3,Calm,,2023-05-28T14:30:42.395Z
2023-monaco-r-PER-153032,2023-monaco-r,PER,63,2023-monaco-r-PER-153032.mp3,Calm,,2023-05-28T14:30:42.551Z
2023-monaco-r-RUS-153050,2023-monaco-r,RUS,64,2023-monaco-r-RUS-153050.mp3,Stressed,,2023-05-28T14:31:16.426Z
2023-monaco-r-HUL-153137,2023-monaco-r,HUL,63,2023-monaco-r-HUL-153137.mp3,Calm,,2023-05-28T14:31:50.769Z
2023-monaco-r-ALO-153219,2023-monaco-r,ALO,66,2023-monaco-r-ALO-153219.mp3,Tired,,2023-05-28T14:32:57.127Z
2023-monaco-r-TSU-153247,2023-monaco-r,TSU,65,2023-monaco-r-TSU-153247.mp3,Stressed,,2023-05-28T14:33:31.095Z
2023-monaco-r-GAS-153604,2023-monaco-r,GAS,67,2023-monaco-r-GAS-153604.mp3,Calm,,2023-05-28T14:36:18.03Z
2023-monaco-r-GAS-153647,2023-monaco-r,GAS,68,2023-monaco-r-GAS-153647.mp3,Calm,,2023-05-28T14:37:26.669Z
2023-monaco-r-RUS-153724,2023-monaco-r,RUS,68,2023-monaco-r-RUS-153724.mp3,Stressed,,2023-05-28T14:37:58.528Z
2023-monaco-r-PER-153821,2023-monaco-r,PER,68,2023-monaco-r-PER-153821.mp3,Tired,,2023-05-28T14:38:32.277Z
2023-monaco-r-NOR-153843,2023-monaco-r,NOR,69,2023-monaco-r-NOR-153843.mp3,Stressed,,2023-05-28T14:39:06.98Z
2023-monaco-r-TSU-153916,2023-monaco-r,TSU,68,2023-monaco-r-TSU-153916.mp3,Stressed,,2023-05-28T14:39:42.073Z
2023-monaco-r-ALO-153938,2023-monaco-r,ALO,70,2023-monaco-r-ALO-153938.mp3,Tired,,2023-05-28T14:40:13.994Z
2023-monaco-r-ALB-154001,2023-monaco-r,ALB,69,2023-monaco-r-ALB-154001.mp3,Tired,,2023-05-28T14:40:14.228Z
2023-monaco-r-VER-153958,2023-monaco-r,VER,70,2023-monaco-r-VER-153958.mp3,Calm,,2023-05-28T14:40:14.353Z
2023-monaco-r-VER-154111,2023-monaco-r,VER,71,2023-monaco-r-VER-154111.mp3,Stressed,,2023-05-28T14:41:22.368Z
2023-monaco-r-NOR-154152,2023-monaco-r,NOR,71,2023-monaco-r-NOR-154152.mp3,Tired,,2023-05-28T14:42:28.773Z
2023-monaco-r-ALO-154222,2023-monaco-r,ALO,72,2023-monaco-r-ALO-154222.mp3,Calm,,2023-05-28T14:43:02.647Z
2023-monaco-r-HAM-154342,2023-monaco-r,HAM,73,2023-monaco-r-HAM-154342.mp3,Tired,,2023-05-28T14:44:09.396Z
2023-monaco-r-ZHO-154649,2023-monaco-r,ZHO,73,2023-monaco-r-ZHO-154649.mp3,Tired,,2023-05-28T14:46:58.346Z
2023-monaco-r-NOR-154650,2023-monaco-r,NOR,74,2023-monaco-r-NOR-154650.mp3,Tired,,2023-05-28T14:46:58.346Z
2023-monaco-r-NOR-154653,2023-monaco-r,NOR,74,2023-monaco-r-NOR-154653.mp3,Tired,,2023-05-28T14:46:58.346Z
2023-monaco-r-ZHO-154654,2023-monaco-r,ZHO,73,2023-monaco-r-ZHO-154654.mp3,Stressed,,2023-05-28T14:46:58.346Z
2023-monaco-r-ALB-154728,2023-monaco-r,ALB,74,2023-monaco-r-ALB-154728.mp3,Stressed,,2023-05-28T14:48:04.47Z
2023-monaco-r-RUS-154909,2023-monaco-r,RUS,76,2023-monaco-r-RUS-154909.mp3,Calm,,2023-05-28T14:49:44.671Z
2023-monaco-r-VER-155334,2023-monaco-r,VER,78,2023-monaco-r-VER-155334.mp3,Calm,,2023-05-28T14:54:14.495Z
2023-monaco-r-PER-155610,2023-monaco-r,PER,76,2023-monaco-r-PER-155610.mp3,Calm,,2023-05-28T14:56:26.008Z
2023-monaco-r-PER-155619,2023-monaco-r,PER,76,2023-monaco-r-PER-155619.mp3,Tired,,2023-05-28T14:57:00.57Z
2023-monaco-r-VER-155826,2023-monaco-r,VER,78,2023-monaco-r-VER-155826.mp3,Calm,,2023-05-28T14:57:10.585Z
2023-monaco-r-VER-155839,2023-monaco-r,VER,78,2023-monaco-r-VER-155839.mp3,Stressed,,2023-05-28T14:57:10.585Z
2023-monaco-r-VER-155843,2023-monaco-r,VER,78,2023-monaco-r-VER-155843.mp3,Tired,,2023-05-28T14:57:10.585Z
2023-monaco-r-VER-155916,2023-monaco-r,VER,78,2023-monaco-r-VER-155916.mp3,Stressed,,2023-05-28T14:57:10.585Z
2023-monaco-r-RUS-155849,2023-monaco-r,RUS,78,2023-monaco-r-RUS-155849.mp3,Tired,,2023-05-28T14:57:10.585Z
2023-monaco-r-HAM-155940,2023-monaco-r,HAM,78,2023-monaco-r-HAM-155940.mp3,Calm,,2023-05-28T14:57:10.585Z
2023-monaco-r-SAI-160045,2023-monaco-r,SAI,78,2023-monaco-r-SAI-160045.mp3,Stressed,,2023-05-28T14:57:10.585Z
2023-monaco-r-DEV-160141,2023-monaco-r,DEV,77,2023-monaco-r-DEV-160141.mp3,Stressed,,2023-05-28T14:57:10.585Z
2023-monaco-r-PIA-160249,2023-monaco-r,PIA,77,2023-monaco-r-PIA-160249.mp3,Calm,,2023-05-28T14:57:10.585Z
2023-monaco-r-TSU-160355,2023-monaco-r,TSU,76,2023-monaco-r-TSU-160355.mp3,Stressed,,2023-05-28T14:57:10.585Z
2023-monaco-r-NOR-160317,2023-monaco-r,NOR,77,2023-monaco-r-NOR-160317.mp3,Stressed,,2023-05-28T14:57:10.585Z
2023-monaco-r-NOR-160420,2023-monaco-r,NOR,77,2023-monaco-r-NOR-160420.mp3,Calm,,2023-05-28T14:57:10.585Z
2023-monaco-r-ALB-160513,2023-monaco-r,ALB,77,2023-monaco-r-ALB-160513.mp3,Calm,,2023-05-28T14:57:10.585Z
2023-monaco-r-SAR-160702,2023-monaco-r,SAR,76,2023-monaco-r-SAR-160702.mp3,Tired,,2023-05-28T14:57:10.585Z
2023-monaco-r-ZHO-160736,2023-monaco-r,ZHO,77,2023-monaco-r-ZHO-160736.mp3,Calm,,2023-05-28T14:57:10.585Z
2023-monaco-r-ALO-160854,2023-monaco-r,ALO,78,2023-monaco-r-ALO-160854.mp3,Stressed,,2023-05-28T14:57:10.585Z
2023-monaco-r-OCO-160937,2023-monaco-r,OCO,78,2023-monaco-r-OCO-160937.mp3,Stressed,,2023-05-28T14:57:10.585Z
2023-singapore-r-ZHO-121303,2023-singapore-r,ZHO,,2023-singapore-r-ZHO-121303.mp3,Calm,,2023-09-17T11:13:15.176Z
2023-singapore-r-VER-125540,2023-singapore-r,VER,,2023-singapore-r-VER-125540.mp3,Tired,,2023-09-17T11:56:04.7112996Z
2023-singapore-r-VER-130002,2023-singapore-r,VER,,2023-singapore-r-VER-130002.mp3,Tired,,2023-09-17T12:00:34.238Z
2023-singapore-r-OCO-130022,2023-singapore-r,OCO,,2023-singapore-r-OCO-130022.mp3,Tired,,2023-09-17T12:00:34.238Z
2023-singapore-r-RUS-130449,2023-singapore-r,RUS,1,2023-singapore-r-RUS-130449.mp3,Stressed,,2023-09-17T12:04:59.985Z
2023-singapore-r-NOR-130714,2023-singapore-r,NOR,3,2023-singapore-r-NOR-130714.mp3,Calm,,2023-09-17T12:07:47.624Z
2023-singapore-r-HAM-131017,2023-singapore-r,HAM,4,2023-singapore-r-HAM-131017.mp3,Calm,,2023-09-17T12:10:35.919Z
2023-singapore-r-TSU-131053,2023-singapore-r,TSU,1,2023-singapore-r-TSU-131053.mp3,Stressed,,2023-09-17T12:11:10.997Z
2023-singapore-r-ALB-131550,2023-singapore-r,ALB,8,2023-singapore-r-ALB-131550.mp3,Tired,,2023-09-17T12:16:11.884Z
2023-singapore-r-LEC-131913,2023-singapore-r,LEC,10,2023-singapore-r-LEC-131913.mp3,Calm,,2023-09-17T12:19:32.491Z
2023-singapore-r-SAI-132058,2023-singapore-r,SAI,11,2023-singapore-r-SAI-132058.mp3,Tired,,2023-09-17T12:21:12.802Z
2023-singapore-r-RUS-132140,2023-singapore-r,RUS,13,2023-singapore-r-RUS-132140.mp3,Tired,,2023-09-17T12:24:33.331Z
2023-singapore-r-LEC-132415,2023-singapore-r,LEC,13,2023-singapore-r-LEC-132415.mp3,Tired,,2023-09-17T12:24:33.331Z
2023-singapore-r-VER-132539,2023-singapore-r,VER,14,2023-singapore-r-VER-132539.mp3,Tired,,2023-09-17T12:26:13.612Z
2023-singapore-r-LEC-132720,2023-singapore-r,LEC,15,2023-singapore-r-LEC-132720.mp3,Tired,,2023-09-17T12:27:53.892Z
2023-singapore-r-LEC-133119,2023-singapore-r,LEC,17,2023-singapore-r-LEC-133119.mp3,Tired,,2023-09-17T12:31:49.514Z
2023-singapore-r-RUS-133240,2023-singapore-r,RUS,18,2023-singapore-r-RUS-133240.mp3,Tired,,2023-09-17T12:32:55.326Z
2023-singapore-r-PIA-133316,2023-singapore-r,PIA,18,2023-singapore-r-PIA-133316.mp3,Calm,,2023-09-17T12:34:02.6258406Z
2023-singapore-r-LEC-133931,2023-singapore-r,LEC,21,2023-singapore-r-LEC-133931.mp3,Tired,,2023-09-17T12:39:40.805Z
2023-singapore-r-SAI-134156,2023-singapore-r,SAI,22,2023-singapore-r-SAI-134156.mp3,Calm,,2023-09-17T12:42:27.303Z
2023-singapore-r-HAM-134223,2023-singapore-r,HAM,22,2023-singapore-r-HAM-134223.mp3,Tired,,2023-09-17T12:43:02.412Z
2023-singapore-r-HUL-134414,2023-singapore-r,HUL,23,2023-singapore-r-HUL-134414.mp3,Tired,,2023-09-17T12:44:42.692Z
2023-singapore-r-SAI-134649,2023-singapore-r,SAI,25,2023-singapore-r-SAI-134649.mp3,Calm,,2023-09-17T12:47:28.1613038Z
2023-singapore-r-PER-134757,2023-singapore-r,PER,26,2023-singapore-r-PER-134757.mp3,Tired,,2023-09-17T12:48:36.127Z
2023-singapore-r-RUS-135333,2023-singapore-r,RUS,29,2023-singapore-r-RUS-135333.mp3,Tired,,2023-09-17T12:54:10.4835794Z
2023-singapore-r-RUS-135551,2023-singapore-r,RUS,30,2023-singapore-r-RUS-135551.mp3,Calm,,2023-09-17T12:56:24.856Z
2023-singapore-r-VER-135804,2023-singapore-r,VER,33,2023-singapore-r-VER-135804.mp3,Tired,,2023-09-17T13:00:52.244Z
2023-singapore-r-RUS-140022,2023-singapore-r,RUS,33,2023-singapore-r-RUS-140022.mp3,Tired,,2023-09-17T13:00:52.6466395Z
2023-singapore-r-SAI-140828,2023-singapore-r,SAI,38,2023-singapore-r-SAI-140828.mp3,Calm,,2023-09-17T13:08:41.895Z
2023-singapore-r-PER-140907,2023-singapore-r,PER,38,2023-singapore-r-PER-140907.mp3,Calm,,2023-09-17T13:09:14.879Z
2023-singapore-r-RUS-140935,2023-singapore-r,RUS,39,2023-singapore-r-RUS-140935.mp3,Calm,,2023-09-17T13:09:49.0662142Z
2023-singapore-r-ALO-141557,2023-singapore-r,ALO,42,2023-singapore-r-ALO-141557.mp3,Calm,,2023-09-17T13:16:29.686Z
2023-singapore-r-RUS-141635,2023-singapore-r,RUS,43,2023-singapore-r-RUS-141635.mp3,Calm,,2023-09-17T13:17:04.201Z
2023-singapore-r-OCO-141721,2023-singapore-r,OCO,42,2023-singapore-r-OCO-141721.mp3,Stressed,,2023-09-17T13:17:38.498Z
2023-singapore-r-RUS-142007,2023-singapore-r,RUS,44,2023-singapore-r-RUS-142007.mp3,Tired,,2023-09-17T13:20:25.105Z
2023-singapore-r-HUL-142158,2023-singapore-r,HUL,45,2023-singapore-r-HUL-142158.mp3,Stressed,,2023-09-17T13:22:05.557Z
2023-singapore-r-LEC-142213,2023-singapore-r,LEC,46,2023-singapore-r-LEC-142213.mp3,Calm,,2023-09-17T13:22:40.119Z
2023-singapore-r-SAI-142659,2023-singapore-r,SAI,48,2023-singapore-r-SAI-142659.mp3,Tired,,2023-09-17T13:27:07.085Z
2023-singapore-r-BOT-143709,2023-singapore-r,BOT,51,2023-singapore-r-BOT-143709.mp3,Tired,,2023-09-17T13:37:40.1267354Z
2023-singapore-r-HAM-143747,2023-singapore-r,HAM,55,2023-singapore-r-HAM-143747.mp3,Calm,,2023-09-17T13:38:14.031Z
2023-singapore-r-LEC-143958,2023-singapore-r,LEC,56,2023-singapore-r-LEC-143958.mp3,Tired,,2023-09-17T13:40:28.154Z
2023-singapore-r-SAI-144032,2023-singapore-r,SAI,57,2023-singapore-r-SAI-144032.mp3,Calm,,2023-09-17T13:41:03.247Z
2023-singapore-r-NOR-144218,2023-singapore-r,NOR,58,2023-singapore-r-NOR-144218.mp3,Calm,,2023-09-17T13:42:43.543Z
2023-singapore-r-SAI-144255,2023-singapore-r,SAI,58,2023-singapore-r-SAI-144255.mp3,Tired,,2023-09-17T13:43:18.652Z
2023-singapore-r-LEC-144551,2023-singapore-r,LEC,60,2023-singapore-r-LEC-144551.mp3,Tired,,2023-09-17T13:46:04.306Z
2023-singapore-r-HAM-144803,2023-singapore-r,HAM,61,2023-singapore-r-HAM-144803.mp3,Calm,,2023-09-17T13:48:19.492Z
2023-singapore-r-RUS-145001,2023-singapore-r,RUS,61,2023-singapore-r-RUS-145001.mp3,Stressed,,2023-09-17T13:50:34.897Z
2023-singapore-r-SAI-145110,2023-singapore-r,SAI,62,2023-singapore-r-SAI-145110.mp3,Stressed,,2023-09-17T13:51:40.2147793Z
2023-singapore-r-NOR-145200,2023-singapore-r,NOR,62,2023-singapore-r-NOR-145200.mp3,Stressed,,2023-09-17T13:52:47.099Z
2023-singapore-r-HAM-145306,2023-singapore-r,HAM,62,2023-singapore-r-HAM-145306.mp3,Calm,,2023-09-17T13:53:21.161Z
2023-singapore-r-NOR-145420,2023-singapore-r,NOR,62,2023-singapore-r-NOR-145420.mp3,Stressed,,2023-09-17T13:55:03.003Z
2023-singapore-r-SAI-145442,2023-singapore-r,SAI,62,2023-singapore-r-SAI-145442.mp3,Stressed,,2023-09-17T13:55:03.287468Z
2023-singapore-r-LEC-145547,2023-singapore-r,LEC,62,2023-singapore-r-LEC-145547.mp3,Calm,,2023-09-17T13:56:10.846Z
2023-singapore-r-HAM-145611,2023-singapore-r,HAM,62,2023-singapore-r-HAM-145611.mp3,Calm,,2023-09-17T13:56:45.955Z
2023-singapore-r-RUS-145729,2023-singapore-r,RUS,61,2023-singapore-r-RUS-145729.mp3,Stressed,,2023-09-17T13:58:01.642Z
2023-singapore-r-VER-145743,2023-singapore-r,VER,62,2023-singapore-r-VER-145743.mp3,Calm,,2023-09-17T13:58:01.642Z
2023-singapore-r-PIA-145840,2023-singapore-r,PIA,62,2023-singapore-r-PIA-145840.mp3,Calm,,2023-09-17T13:58:01.642Z
2023-singapore-r-GAS-145936,2023-singapore-r,GAS,62,2023-singapore-r-GAS-145936.mp3,Calm,,2023-09-17T13:58:01.642Z
2023-singapore-r-MAG-150015,2023-singapore-r,MAG,62,2023-singapore-r-MAG-150015.mp3,Tired,,2023-09-17T13:58:01.642Z
2023-singapore-r-MAG-150041,2023-singapore-r,MAG,62,2023-singapore-r-MAG-150041.mp3,Tired,,2023-09-17T13:58:01.642Z
2023-singapore-r-ZHO-150120,2023-singapore-r,ZHO,62,2023-singapore-r-ZHO-150120.mp3,Stressed,,2023-09-17T13:58:01.642Z
2023-singapore-r-HUL-150135,2023-singapore-r,HUL,62,2023-singapore-r-HUL-150135.mp3,Tired,,2023-09-17T13:58:01.642Z
2023-singapore-r-PER-150344,2023-singapore-r,PER,62,2023-singapore-r-PER-150344.mp3,Calm,,2023-09-17T13:58:01.642Z
2023-singapore-r-ALB-150442,2023-singapore-r,ALB,62,2023-singapore-r-ALB-150442.mp3,Calm,,2023-09-17T13:58:01.642Z
2023-singapore-r-SAR-150657,2023-singapore-r,SAR,62,2023-singapore-r-SAR-150657.mp3,Tired,,2023-09-17T13:58:01.642Z
2023-singapore-r-LAW-150631,2023-singapore-r,LAW,62,2023-singapore-r-LAW-150631.mp3,Stressed,,2023-09-17T13:58:01.642Z
